
**** Clean-only build of configuration Debug for project Project 5 a ****

"C:\\ti\\ccs1280\\ccs\\utils\\bin\\gmake" -k -j 16 clean -O 
 
DEL /F  "Homework 6 d.out" 
DEL /F "clocks.obj" "display.obj" "init.obj" "interrupt_ports.obj" "interrupts_timers.obj" "led.obj" "main.obj" "ports.obj" "switches.obj" "system.obj" "timers.obj" "wheels.obj" 
DEL /F "clocks.d" "display.d" "init.d" "interrupt_ports.d" "interrupts_timers.d" "led.d" "main.d" "ports.d" "switches.d" "system.d" "timers.d" "wheels.d" 
Finished clean
 

**** Build Finished ****

**** Build of configuration Debug for project Project 5 a ****

"C:\\ti\\ccs1280\\ccs\\utils\\bin\\gmake" -k -j 16 all -O 
 
Building file: "../clocks.c"
Invoking: MSP430 Compiler
"C:/ti/ccs1280/ccs/tools/compiler/ti-cgt-msp430_21.6.1.LTS/bin/cl430" -vmspx --use_hw_mpy=F5 --include_path="C:/ti/ccs1280/ccs/ccs_base/msp430/include" --include_path="C:/Users/chait/Code Composer/WORKSPACE/Homework 6/Homework 6 d" --include_path="C:/ti/ccs1280/ccs/tools/compiler/ti-cgt-msp430_21.6.1.LTS/include" --advice:power=all --advice:hw_config=all --define=__MSP430FR2355__ --define=_FRWP_ENABLE --define=_INFO_FRWP_ENABLE -g --printf_support=minimal --diag_warning=225 --diag_wrap=off --display_error_number --silicon_errata=CPU21 --silicon_errata=CPU22 --silicon_errata=CPU40 --preproc_with_compile --preproc_dependency="clocks.d_raw"  "../clocks.c"
"..\include\LCD.h", line 46: warning #48-D: incompatible redefinition of macro "NULL" (declared at line 60 of "C:/ti/ccs1280/ccs/tools/compiler/ti-cgt-msp430_21.6.1.LTS/include/string.h")
"../clocks.c", line 90: remark #1527-D: (ULP 2.1) Detected SW delay loop using __delay_cycles. Recommend using a timer module instead
"../clocks.c", line 91: remark #1527-D: (ULP 2.1) Detected SW delay loop using empty loop. Recommend using a timer module instead
"../clocks.c", line 124: remark #1527-D: (ULP 2.1) Detected SW delay loop using empty loop. Recommend using a timer module instead
Finished building: "../clocks.c"
 
Building file: "../display.c"
Invoking: MSP430 Compiler
"C:/ti/ccs1280/ccs/tools/compiler/ti-cgt-msp430_21.6.1.LTS/bin/cl430" -vmspx --use_hw_mpy=F5 --include_path="C:/ti/ccs1280/ccs/ccs_base/msp430/include" --include_path="C:/Users/chait/Code Composer/WORKSPACE/Homework 6/Homework 6 d" --include_path="C:/ti/ccs1280/ccs/tools/compiler/ti-cgt-msp430_21.6.1.LTS/include" --advice:power=all --advice:hw_config=all --define=__MSP430FR2355__ --define=_FRWP_ENABLE --define=_INFO_FRWP_ENABLE -g --printf_support=minimal --diag_warning=225 --diag_wrap=off --display_error_number --silicon_errata=CPU21 --silicon_errata=CPU22 --silicon_errata=CPU40 --preproc_with_compile --preproc_dependency="display.d_raw"  "../display.c"
"..\include\LCD.h", line 46: warning #48-D: incompatible redefinition of macro "NULL" (declared at line 60 of "C:/ti/ccs1280/ccs/tools/compiler/ti-cgt-msp430_21.6.1.LTS/include/string.h")
Finished building: "../display.c"
 
Building file: "../init.c"
Invoking: MSP430 Compiler
"C:/ti/ccs1280/ccs/tools/compiler/ti-cgt-msp430_21.6.1.LTS/bin/cl430" -vmspx --use_hw_mpy=F5 --include_path="C:/ti/ccs1280/ccs/ccs_base/msp430/include" --include_path="C:/Users/chait/Code Composer/WORKSPACE/Homework 6/Homework 6 d" --include_path="C:/ti/ccs1280/ccs/tools/compiler/ti-cgt-msp430_21.6.1.LTS/include" --advice:power=all --advice:hw_config=all --define=__MSP430FR2355__ --define=_FRWP_ENABLE --define=_INFO_FRWP_ENABLE -g --printf_support=minimal --diag_warning=225 --diag_wrap=off --display_error_number --silicon_errata=CPU21 --silicon_errata=CPU22 --silicon_errata=CPU40 --preproc_with_compile --preproc_dependency="init.d_raw"  "../init.c"
"..\include\LCD.h", line 46: warning #48-D: incompatible redefinition of macro "NULL" (declared at line 60 of "C:/ti/ccs1280/ccs/tools/compiler/ti-cgt-msp430_21.6.1.LTS/include/string.h")
"../init.c", line 21: remark #1544-D: (ULP 13.1) Detected loop counting up. Recommend loops count down as detecting zeros is easier
"../init.c", line 22: remark #2553-D: (ULP 14.1) Array index (involving "i") of type "int". Recommend using "unsigned int"
"../init.c", line 23: remark #2553-D: (ULP 14.1) Array index (involving "i") of type "int". Recommend using "unsigned int"
"../init.c", line 24: remark #2553-D: (ULP 14.1) Array index (involving "i") of type "int". Recommend using "unsigned int"
"../init.c", line 25: remark #2553-D: (ULP 14.1) Array index (involving "i") of type "int". Recommend using "unsigned int"
Finished building: "../init.c"
 
Building file: "../interrupt_ports.c"
Invoking: MSP430 Compiler
"C:/ti/ccs1280/ccs/tools/compiler/ti-cgt-msp430_21.6.1.LTS/bin/cl430" -vmspx --use_hw_mpy=F5 --include_path="C:/ti/ccs1280/ccs/ccs_base/msp430/include" --include_path="C:/Users/chait/Code Composer/WORKSPACE/Homework 6/Homework 6 d" --include_path="C:/ti/ccs1280/ccs/tools/compiler/ti-cgt-msp430_21.6.1.LTS/include" --advice:power=all --advice:hw_config=all --define=__MSP430FR2355__ --define=_FRWP_ENABLE --define=_INFO_FRWP_ENABLE -g --printf_support=minimal --diag_warning=225 --diag_wrap=off --display_error_number --silicon_errata=CPU21 --silicon_errata=CPU22 --silicon_errata=CPU40 --preproc_with_compile --preproc_dependency="interrupt_ports.d_raw"  "../interrupt_ports.c"
"..\include\LCD.h", line 46: warning #48-D: incompatible redefinition of macro "NULL" (declared at line 60 of "C:/ti/ccs1280/ccs/tools/compiler/ti-cgt-msp430_21.6.1.LTS/include/string.h")
Finished building: "../interrupt_ports.c"
 
Building file: "../interrupts_timers.c"
Invoking: MSP430 Compiler
"C:/ti/ccs1280/ccs/tools/compiler/ti-cgt-msp430_21.6.1.LTS/bin/cl430" -vmspx --use_hw_mpy=F5 --include_path="C:/ti/ccs1280/ccs/ccs_base/msp430/include" --include_path="C:/Users/chait/Code Composer/WORKSPACE/Homework 6/Homework 6 d" --include_path="C:/ti/ccs1280/ccs/tools/compiler/ti-cgt-msp430_21.6.1.LTS/include" --advice:power=all --advice:hw_config=all --define=__MSP430FR2355__ --define=_FRWP_ENABLE --define=_INFO_FRWP_ENABLE -g --printf_support=minimal --diag_warning=225 --diag_wrap=off --display_error_number --silicon_errata=CPU21 --silicon_errata=CPU22 --silicon_errata=CPU40 --preproc_with_compile --preproc_dependency="interrupts_timers.d_raw"  "../interrupts_timers.c"
"..\include\LCD.h", line 46: warning #48-D: incompatible redefinition of macro "NULL" (declared at line 60 of "C:/ti/ccs1280/ccs/tools/compiler/ti-cgt-msp430_21.6.1.LTS/include/string.h")
Finished building: "../interrupts_timers.c"
 
Building file: "../led.c"
Invoking: MSP430 Compiler
"C:/ti/ccs1280/ccs/tools/compiler/ti-cgt-msp430_21.6.1.LTS/bin/cl430" -vmspx --use_hw_mpy=F5 --include_path="C:/ti/ccs1280/ccs/ccs_base/msp430/include" --include_path="C:/Users/chait/Code Composer/WORKSPACE/Homework 6/Homework 6 d" --include_path="C:/ti/ccs1280/ccs/tools/compiler/ti-cgt-msp430_21.6.1.LTS/include" --advice:power=all --advice:hw_config=all --define=__MSP430FR2355__ --define=_FRWP_ENABLE --define=_INFO_FRWP_ENABLE -g --printf_support=minimal --diag_warning=225 --diag_wrap=off --display_error_number --silicon_errata=CPU21 --silicon_errata=CPU22 --silicon_errata=CPU40 --preproc_with_compile --preproc_dependency="led.d_raw"  "../led.c"
"..\include\LCD.h", line 46: warning #48-D: incompatible redefinition of macro "NULL" (declared at line 60 of "C:/ti/ccs1280/ccs/tools/compiler/ti-cgt-msp430_21.6.1.LTS/include/string.h")
Finished building: "../led.c"
 
Building file: "../main.c"
Invoking: MSP430 Compiler
"C:/ti/ccs1280/ccs/tools/compiler/ti-cgt-msp430_21.6.1.LTS/bin/cl430" -vmspx --use_hw_mpy=F5 --include_path="C:/ti/ccs1280/ccs/ccs_base/msp430/include" --include_path="C:/Users/chait/Code Composer/WORKSPACE/Homework 6/Homework 6 d" --include_path="C:/ti/ccs1280/ccs/tools/compiler/ti-cgt-msp430_21.6.1.LTS/include" --advice:power=all --advice:hw_config=all --define=__MSP430FR2355__ --define=_FRWP_ENABLE --define=_INFO_FRWP_ENABLE -g --printf_support=minimal --diag_warning=225 --diag_wrap=off --display_error_number --silicon_errata=CPU21 --silicon_errata=CPU22 --silicon_errata=CPU40 --preproc_with_compile --preproc_dependency="main.d_raw"  "../main.c"
"..\include\LCD.h", line 46: warning #48-D: incompatible redefinition of macro "NULL" (declared at line 60 of "C:/ti/ccs1280/ccs/tools/compiler/ti-cgt-msp430_21.6.1.LTS/include/string.h")
"../main.c", line 42: remark #1535-D: (ULP 8.1) variable "wheel_move" is used as a constant. Recommend declaring variable as either 'static const' or 'const'
"../main.c", line 43: remark #1535-D: (ULP 8.1) variable "forward" is used as a constant. Recommend declaring variable as either 'static const' or 'const'
Finished building: "../main.c"
 
Building file: "../ports.c"
Invoking: MSP430 Compiler
"C:/ti/ccs1280/ccs/tools/compiler/ti-cgt-msp430_21.6.1.LTS/bin/cl430" -vmspx --use_hw_mpy=F5 --include_path="C:/ti/ccs1280/ccs/ccs_base/msp430/include" --include_path="C:/Users/chait/Code Composer/WORKSPACE/Homework 6/Homework 6 d" --include_path="C:/ti/ccs1280/ccs/tools/compiler/ti-cgt-msp430_21.6.1.LTS/include" --advice:power=all --advice:hw_config=all --define=__MSP430FR2355__ --define=_FRWP_ENABLE --define=_INFO_FRWP_ENABLE -g --printf_support=minimal --diag_warning=225 --diag_wrap=off --display_error_number --silicon_errata=CPU21 --silicon_errata=CPU22 --silicon_errata=CPU40 --preproc_with_compile --preproc_dependency="ports.d_raw"  "../ports.c"
"..\include\LCD.h", line 46: warning #48-D: incompatible redefinition of macro "NULL" (declared at line 60 of "C:/ti/ccs1280/ccs/tools/compiler/ti-cgt-msp430_21.6.1.LTS/include/string.h")
Finished building: "../ports.c"
 
Building file: "../switches.c"
Invoking: MSP430 Compiler
"C:/ti/ccs1280/ccs/tools/compiler/ti-cgt-msp430_21.6.1.LTS/bin/cl430" -vmspx --use_hw_mpy=F5 --include_path="C:/ti/ccs1280/ccs/ccs_base/msp430/include" --include_path="C:/Users/chait/Code Composer/WORKSPACE/Homework 6/Homework 6 d" --include_path="C:/ti/ccs1280/ccs/tools/compiler/ti-cgt-msp430_21.6.1.LTS/include" --advice:power=all --advice:hw_config=all --define=__MSP430FR2355__ --define=_FRWP_ENABLE --define=_INFO_FRWP_ENABLE -g --printf_support=minimal --diag_warning=225 --diag_wrap=off --display_error_number --silicon_errata=CPU21 --silicon_errata=CPU22 --silicon_errata=CPU40 --preproc_with_compile --preproc_dependency="switches.d_raw"  "../switches.c"
"..\include\LCD.h", line 46: warning #48-D: incompatible redefinition of macro "NULL" (declared at line 60 of "C:/ti/ccs1280/ccs/tools/compiler/ti-cgt-msp430_21.6.1.LTS/include/string.h")
Finished building: "../switches.c"
 
Building file: "../system.c"
Invoking: MSP430 Compiler
"C:/ti/ccs1280/ccs/tools/compiler/ti-cgt-msp430_21.6.1.LTS/bin/cl430" -vmspx --use_hw_mpy=F5 --include_path="C:/ti/ccs1280/ccs/ccs_base/msp430/include" --include_path="C:/Users/chait/Code Composer/WORKSPACE/Homework 6/Homework 6 d" --include_path="C:/ti/ccs1280/ccs/tools/compiler/ti-cgt-msp430_21.6.1.LTS/include" --advice:power=all --advice:hw_config=all --define=__MSP430FR2355__ --define=_FRWP_ENABLE --define=_INFO_FRWP_ENABLE -g --printf_support=minimal --diag_warning=225 --diag_wrap=off --display_error_number --silicon_errata=CPU21 --silicon_errata=CPU22 --silicon_errata=CPU40 --preproc_with_compile --preproc_dependency="system.d_raw"  "../system.c"
"..\include\LCD.h", line 46: warning #48-D: incompatible redefinition of macro "NULL" (declared at line 60 of "C:/ti/ccs1280/ccs/tools/compiler/ti-cgt-msp430_21.6.1.LTS/include/string.h")
Finished building: "../system.c"
 
Building file: "../timers.c"
Invoking: MSP430 Compiler
"C:/ti/ccs1280/ccs/tools/compiler/ti-cgt-msp430_21.6.1.LTS/bin/cl430" -vmspx --use_hw_mpy=F5 --include_path="C:/ti/ccs1280/ccs/ccs_base/msp430/include" --include_path="C:/Users/chait/Code Composer/WORKSPACE/Homework 6/Homework 6 d" --include_path="C:/ti/ccs1280/ccs/tools/compiler/ti-cgt-msp430_21.6.1.LTS/include" --advice:power=all --advice:hw_config=all --define=__MSP430FR2355__ --define=_FRWP_ENABLE --define=_INFO_FRWP_ENABLE -g --printf_support=minimal --diag_warning=225 --diag_wrap=off --display_error_number --silicon_errata=CPU21 --silicon_errata=CPU22 --silicon_errata=CPU40 --preproc_with_compile --preproc_dependency="timers.d_raw"  "../timers.c"
"..\include\LCD.h", line 46: warning #48-D: incompatible redefinition of macro "NULL" (declared at line 60 of "C:/ti/ccs1280/ccs/tools/compiler/ti-cgt-msp430_21.6.1.LTS/include/string.h")
"../timers.c", line 44: warning #70-D: integer conversion resulted in truncation
"../timers.c", line 49: warning #70-D: integer conversion resulted in truncation
Finished building: "../timers.c"
 
Building file: "../wheels.c"
Invoking: MSP430 Compiler
"C:/ti/ccs1280/ccs/tools/compiler/ti-cgt-msp430_21.6.1.LTS/bin/cl430" -vmspx --use_hw_mpy=F5 --include_path="C:/ti/ccs1280/ccs/ccs_base/msp430/include" --include_path="C:/Users/chait/Code Composer/WORKSPACE/Homework 6/Homework 6 d" --include_path="C:/ti/ccs1280/ccs/tools/compiler/ti-cgt-msp430_21.6.1.LTS/include" --advice:power=all --advice:hw_config=all --define=__MSP430FR2355__ --define=_FRWP_ENABLE --define=_INFO_FRWP_ENABLE -g --printf_support=minimal --diag_warning=225 --diag_wrap=off --display_error_number --silicon_errata=CPU21 --silicon_errata=CPU22 --silicon_errata=CPU40 --preproc_with_compile --preproc_dependency="wheels.d_raw"  "../wheels.c"
"..\include\LCD.h", line 46: warning #48-D: incompatible redefinition of macro "NULL" (declared at line 60 of "C:/ti/ccs1280/ccs/tools/compiler/ti-cgt-msp430_21.6.1.LTS/include/string.h")
Finished building: "../wheels.c"
 
Building target: "Project 5 a.out"
Invoking: MSP430 Linker
"C:/ti/ccs1280/ccs/tools/compiler/ti-cgt-msp430_21.6.1.LTS/bin/cl430" -vmspx --use_hw_mpy=F5 --advice:power=all --advice:hw_config=all --define=__MSP430FR2355__ --define=_FRWP_ENABLE --define=_INFO_FRWP_ENABLE -g --printf_support=minimal --diag_warning=225 --diag_wrap=off --display_error_number --silicon_errata=CPU21 --silicon_errata=CPU22 --silicon_errata=CPU40 -z -m"Project 5 a.map" --heap_size=160 --stack_size=160 --cinit_hold_wdt=on -i"C:/ti/ccs1280/ccs/ccs_base/msp430/include" -i"C:/ti/ccs1280/ccs/ccs_base/msp430/lib/FR2xx" -i"C:/ti/ccs1280/ccs/tools/compiler/ti-cgt-msp430_21.6.1.LTS/lib" -i"C:/ti/ccs1280/ccs/tools/compiler/ti-cgt-msp430_21.6.1.LTS/include" --priority --reread_libs --define=_FRWP_ENABLE --define=_INFO_FRWP_ENABLE --diag_wrap=off --display_error_number --warn_sections --xml_link_info="Project 5 a_linkInfo.xml" --use_hw_mpy=F5 --rom_model -o "Project 5 a.out" "./clocks.obj" "./display.obj" "./init.obj" "./interrupt_ports.obj" "./interrupts_timers.obj" "./led.obj" "./main.obj" "./ports.obj" "./switches.obj" "./system.obj" "./timers.obj" "./wheels.obj" "../Compiled/LCD.obj" "../lnk_msp430fr2355.cmd"  -lfrwp_init.a -llibc.a 
<Linking>
remark #10372-D: (ULP 4.1) Detected uninitialized Port A in this project. Recommend initializing all unused ports to eliminate wasted current consumption on unused pins.
remark #10372-D: (ULP 4.1) Detected uninitialized Port B in this project. Recommend initializing all unused ports to eliminate wasted current consumption on unused pins.
remark #10372-D: (ULP 4.1) Detected uninitialized Port C in this project. Recommend initializing all unused ports to eliminate wasted current consumption on unused pins.
remark #10422-D: (ULP 6.2) Detected use of a device with available 32-bit hardware multiplier and not also using MSPMATHLIB library (libmath.a).  Recommend using MSPMATHLIB library (libmath.a) for improved performance.
Finished building target: "Project 5 a.out"
 

**** Build Finished ****

**** Build of configuration Debug for project Project 5 a ****

"C:\\ti\\ccs1280\\ccs\\utils\\bin\\gmake" -k -j 16 all -O 
 
Building file: "../interrupts_timers.c"
Invoking: MSP430 Compiler
"C:/ti/ccs1280/ccs/tools/compiler/ti-cgt-msp430_21.6.1.LTS/bin/cl430" -vmspx --use_hw_mpy=F5 --include_path="C:/ti/ccs1280/ccs/ccs_base/msp430/include" --include_path="C:/Users/chait/Code Composer/WORKSPACE/Homework 6/Homework 6 d" --include_path="C:/ti/ccs1280/ccs/tools/compiler/ti-cgt-msp430_21.6.1.LTS/include" --advice:power=all --advice:hw_config=all --define=__MSP430FR2355__ --define=_FRWP_ENABLE --define=_INFO_FRWP_ENABLE -g --printf_support=minimal --diag_warning=225 --diag_wrap=off --display_error_number --silicon_errata=CPU21 --silicon_errata=CPU22 --silicon_errata=CPU40 --preproc_with_compile --preproc_dependency="interrupts_timers.d_raw"  "../interrupts_timers.c"
"..\include\LCD.h", line 46: warning #48-D: incompatible redefinition of macro "NULL" (declared at line 60 of "C:/ti/ccs1280/ccs/tools/compiler/ti-cgt-msp430_21.6.1.LTS/include/string.h")
Finished building: "../interrupts_timers.c"
 
Building target: "Project 5 a.out"
Invoking: MSP430 Linker
"C:/ti/ccs1280/ccs/tools/compiler/ti-cgt-msp430_21.6.1.LTS/bin/cl430" -vmspx --use_hw_mpy=F5 --advice:power=all --advice:hw_config=all --define=__MSP430FR2355__ --define=_FRWP_ENABLE --define=_INFO_FRWP_ENABLE -g --printf_support=minimal --diag_warning=225 --diag_wrap=off --display_error_number --silicon_errata=CPU21 --silicon_errata=CPU22 --silicon_errata=CPU40 -z -m"Project 5 a.map" --heap_size=160 --stack_size=160 --cinit_hold_wdt=on -i"C:/ti/ccs1280/ccs/ccs_base/msp430/include" -i"C:/ti/ccs1280/ccs/ccs_base/msp430/lib/FR2xx" -i"C:/ti/ccs1280/ccs/tools/compiler/ti-cgt-msp430_21.6.1.LTS/lib" -i"C:/ti/ccs1280/ccs/tools/compiler/ti-cgt-msp430_21.6.1.LTS/include" --priority --reread_libs --define=_FRWP_ENABLE --define=_INFO_FRWP_ENABLE --diag_wrap=off --display_error_number --warn_sections --xml_link_info="Project 5 a_linkInfo.xml" --use_hw_mpy=F5 --rom_model -o "Project 5 a.out" "./clocks.obj" "./display.obj" "./init.obj" "./interrupt_ports.obj" "./interrupts_timers.obj" "./led.obj" "./main.obj" "./ports.obj" "./switches.obj" "./system.obj" "./timers.obj" "./wheels.obj" "../Compiled/LCD.obj" "../lnk_msp430fr2355.cmd"  -lfrwp_init.a -llibc.a 
<Linking>
remark #10372-D: (ULP 4.1) Detected uninitialized Port A in this project. Recommend initializing all unused ports to eliminate wasted current consumption on unused pins.
remark #10372-D: (ULP 4.1) Detected uninitialized Port B in this project. Recommend initializing all unused ports to eliminate wasted current consumption on unused pins.
remark #10372-D: (ULP 4.1) Detected uninitialized Port C in this project. Recommend initializing all unused ports to eliminate wasted current consumption on unused pins.
remark #10422-D: (ULP 6.2) Detected use of a device with available 32-bit hardware multiplier and not also using MSPMATHLIB library (libmath.a).  Recommend using MSPMATHLIB library (libmath.a) for improved performance.
Finished building target: "Project 5 a.out"
 

**** Build Finished ****

**** Build of configuration Debug for project Project 5 a ****

"C:\\ti\\ccs1280\\ccs\\utils\\bin\\gmake" -k -j 16 all -O 
 
Building file: "../main.c"
Invoking: MSP430 Compiler
"C:/ti/ccs1280/ccs/tools/compiler/ti-cgt-msp430_21.6.1.LTS/bin/cl430" -vmspx --use_hw_mpy=F5 --include_path="C:/ti/ccs1280/ccs/ccs_base/msp430/include" --include_path="C:/Users/chait/Code Composer/WORKSPACE/Homework 6/Homework 6 d" --include_path="C:/ti/ccs1280/ccs/tools/compiler/ti-cgt-msp430_21.6.1.LTS/include" --advice:power=all --advice:hw_config=all --define=__MSP430FR2355__ --define=_FRWP_ENABLE --define=_INFO_FRWP_ENABLE -g --printf_support=minimal --diag_warning=225 --diag_wrap=off --display_error_number --silicon_errata=CPU21 --silicon_errata=CPU22 --silicon_errata=CPU40 --preproc_with_compile --preproc_dependency="main.d_raw"  "../main.c"
"..\include\LCD.h", line 46: warning #48-D: incompatible redefinition of macro "NULL" (declared at line 60 of "C:/ti/ccs1280/ccs/tools/compiler/ti-cgt-msp430_21.6.1.LTS/include/string.h")
"../main.c", line 42: remark #1535-D: (ULP 8.1) variable "wheel_move" is used as a constant. Recommend declaring variable as either 'static const' or 'const'
"../main.c", line 43: remark #1535-D: (ULP 8.1) variable "forward" is used as a constant. Recommend declaring variable as either 'static const' or 'const'
Finished building: "../main.c"
 
Building target: "Project 5 a.out"
Invoking: MSP430 Linker
"C:/ti/ccs1280/ccs/tools/compiler/ti-cgt-msp430_21.6.1.LTS/bin/cl430" -vmspx --use_hw_mpy=F5 --advice:power=all --advice:hw_config=all --define=__MSP430FR2355__ --define=_FRWP_ENABLE --define=_INFO_FRWP_ENABLE -g --printf_support=minimal --diag_warning=225 --diag_wrap=off --display_error_number --silicon_errata=CPU21 --silicon_errata=CPU22 --silicon_errata=CPU40 -z -m"Project 5 a.map" --heap_size=160 --stack_size=160 --cinit_hold_wdt=on -i"C:/ti/ccs1280/ccs/ccs_base/msp430/include" -i"C:/ti/ccs1280/ccs/ccs_base/msp430/lib/FR2xx" -i"C:/ti/ccs1280/ccs/tools/compiler/ti-cgt-msp430_21.6.1.LTS/lib" -i"C:/ti/ccs1280/ccs/tools/compiler/ti-cgt-msp430_21.6.1.LTS/include" --priority --reread_libs --define=_FRWP_ENABLE --define=_INFO_FRWP_ENABLE --diag_wrap=off --display_error_number --warn_sections --xml_link_info="Project 5 a_linkInfo.xml" --use_hw_mpy=F5 --rom_model -o "Project 5 a.out" "./clocks.obj" "./display.obj" "./init.obj" "./interrupt_ports.obj" "./interrupts_timers.obj" "./led.obj" "./main.obj" "./ports.obj" "./switches.obj" "./system.obj" "./timers.obj" "./wheels.obj" "../Compiled/LCD.obj" "../lnk_msp430fr2355.cmd"  -lfrwp_init.a -llibc.a 
<Linking>
remark #10372-D: (ULP 4.1) Detected uninitialized Port A in this project. Recommend initializing all unused ports to eliminate wasted current consumption on unused pins.
remark #10372-D: (ULP 4.1) Detected uninitialized Port B in this project. Recommend initializing all unused ports to eliminate wasted current consumption on unused pins.
remark #10372-D: (ULP 4.1) Detected uninitialized Port C in this project. Recommend initializing all unused ports to eliminate wasted current consumption on unused pins.
remark #10422-D: (ULP 6.2) Detected use of a device with available 32-bit hardware multiplier and not also using MSPMATHLIB library (libmath.a).  Recommend using MSPMATHLIB library (libmath.a) for improved performance.
Finished building target: "Project 5 a.out"
 

**** Build Finished ****

**** Build of configuration Debug for project Project 5 a ****

"C:\\ti\\ccs1280\\ccs\\utils\\bin\\gmake" -k -j 16 all -O 
 
Building file: "../switches.c"
Invoking: MSP430 Compiler
"C:/ti/ccs1280/ccs/tools/compiler/ti-cgt-msp430_21.6.1.LTS/bin/cl430" -vmspx --use_hw_mpy=F5 --include_path="C:/ti/ccs1280/ccs/ccs_base/msp430/include" --include_path="C:/Users/chait/Code Composer/WORKSPACE/Homework 6/Homework 6 d" --include_path="C:/ti/ccs1280/ccs/tools/compiler/ti-cgt-msp430_21.6.1.LTS/include" --advice:power=all --advice:hw_config=all --define=__MSP430FR2355__ --define=_FRWP_ENABLE --define=_INFO_FRWP_ENABLE -g --printf_support=minimal --diag_warning=225 --diag_wrap=off --display_error_number --silicon_errata=CPU21 --silicon_errata=CPU22 --silicon_errata=CPU40 --preproc_with_compile --preproc_dependency="switches.d_raw"  "../switches.c"
"..\include\LCD.h", line 46: warning #48-D: incompatible redefinition of macro "NULL" (declared at line 60 of "C:/ti/ccs1280/ccs/tools/compiler/ti-cgt-msp430_21.6.1.LTS/include/string.h")
Finished building: "../switches.c"
 
Building target: "Project 5 a.out"
Invoking: MSP430 Linker
"C:/ti/ccs1280/ccs/tools/compiler/ti-cgt-msp430_21.6.1.LTS/bin/cl430" -vmspx --use_hw_mpy=F5 --advice:power=all --advice:hw_config=all --define=__MSP430FR2355__ --define=_FRWP_ENABLE --define=_INFO_FRWP_ENABLE -g --printf_support=minimal --diag_warning=225 --diag_wrap=off --display_error_number --silicon_errata=CPU21 --silicon_errata=CPU22 --silicon_errata=CPU40 -z -m"Project 5 a.map" --heap_size=160 --stack_size=160 --cinit_hold_wdt=on -i"C:/ti/ccs1280/ccs/ccs_base/msp430/include" -i"C:/ti/ccs1280/ccs/ccs_base/msp430/lib/FR2xx" -i"C:/ti/ccs1280/ccs/tools/compiler/ti-cgt-msp430_21.6.1.LTS/lib" -i"C:/ti/ccs1280/ccs/tools/compiler/ti-cgt-msp430_21.6.1.LTS/include" --priority --reread_libs --define=_FRWP_ENABLE --define=_INFO_FRWP_ENABLE --diag_wrap=off --display_error_number --warn_sections --xml_link_info="Project 5 a_linkInfo.xml" --use_hw_mpy=F5 --rom_model -o "Project 5 a.out" "./clocks.obj" "./display.obj" "./init.obj" "./interrupt_ports.obj" "./interrupts_timers.obj" "./led.obj" "./main.obj" "./ports.obj" "./switches.obj" "./system.obj" "./timers.obj" "./wheels.obj" "../Compiled/LCD.obj" "../lnk_msp430fr2355.cmd"  -lfrwp_init.a -llibc.a 
<Linking>
remark #10372-D: (ULP 4.1) Detected uninitialized Port A in this project. Recommend initializing all unused ports to eliminate wasted current consumption on unused pins.
remark #10372-D: (ULP 4.1) Detected uninitialized Port B in this project. Recommend initializing all unused ports to eliminate wasted current consumption on unused pins.
remark #10372-D: (ULP 4.1) Detected uninitialized Port C in this project. Recommend initializing all unused ports to eliminate wasted current consumption on unused pins.
remark #10422-D: (ULP 6.2) Detected use of a device with available 32-bit hardware multiplier and not also using MSPMATHLIB library (libmath.a).  Recommend using MSPMATHLIB library (libmath.a) for improved performance.
Finished building target: "Project 5 a.out"
 

**** Build Finished ****

**** Build of configuration Debug for project Project 5 a ****

"C:\\ti\\ccs1280\\ccs\\utils\\bin\\gmake" -k -j 16 all -O 
 
Building file: "../switches.c"
Invoking: MSP430 Compiler
"C:/ti/ccs1280/ccs/tools/compiler/ti-cgt-msp430_21.6.1.LTS/bin/cl430" -vmspx --use_hw_mpy=F5 --include_path="C:/ti/ccs1280/ccs/ccs_base/msp430/include" --include_path="C:/Users/chait/Code Composer/WORKSPACE/Homework 6/Homework 6 d" --include_path="C:/ti/ccs1280/ccs/tools/compiler/ti-cgt-msp430_21.6.1.LTS/include" --advice:power=all --advice:hw_config=all --define=__MSP430FR2355__ --define=_FRWP_ENABLE --define=_INFO_FRWP_ENABLE -g --printf_support=minimal --diag_warning=225 --diag_wrap=off --display_error_number --silicon_errata=CPU21 --silicon_errata=CPU22 --silicon_errata=CPU40 --preproc_with_compile --preproc_dependency="switches.d_raw"  "../switches.c"
"..\include\LCD.h", line 46: warning #48-D: incompatible redefinition of macro "NULL" (declared at line 60 of "C:/ti/ccs1280/ccs/tools/compiler/ti-cgt-msp430_21.6.1.LTS/include/string.h")
Finished building: "../switches.c"
 
Building target: "Project 5 a.out"
Invoking: MSP430 Linker
"C:/ti/ccs1280/ccs/tools/compiler/ti-cgt-msp430_21.6.1.LTS/bin/cl430" -vmspx --use_hw_mpy=F5 --advice:power=all --advice:hw_config=all --define=__MSP430FR2355__ --define=_FRWP_ENABLE --define=_INFO_FRWP_ENABLE -g --printf_support=minimal --diag_warning=225 --diag_wrap=off --display_error_number --silicon_errata=CPU21 --silicon_errata=CPU22 --silicon_errata=CPU40 -z -m"Project 5 a.map" --heap_size=160 --stack_size=160 --cinit_hold_wdt=on -i"C:/ti/ccs1280/ccs/ccs_base/msp430/include" -i"C:/ti/ccs1280/ccs/ccs_base/msp430/lib/FR2xx" -i"C:/ti/ccs1280/ccs/tools/compiler/ti-cgt-msp430_21.6.1.LTS/lib" -i"C:/ti/ccs1280/ccs/tools/compiler/ti-cgt-msp430_21.6.1.LTS/include" --priority --reread_libs --define=_FRWP_ENABLE --define=_INFO_FRWP_ENABLE --diag_wrap=off --display_error_number --warn_sections --xml_link_info="Project 5 a_linkInfo.xml" --use_hw_mpy=F5 --rom_model -o "Project 5 a.out" "./clocks.obj" "./display.obj" "./init.obj" "./interrupt_ports.obj" "./interrupts_timers.obj" "./led.obj" "./main.obj" "./ports.obj" "./switches.obj" "./system.obj" "./timers.obj" "./wheels.obj" "../Compiled/LCD.obj" "../lnk_msp430fr2355.cmd"  -lfrwp_init.a -llibc.a 
<Linking>
remark #10372-D: (ULP 4.1) Detected uninitialized Port A in this project. Recommend initializing all unused ports to eliminate wasted current consumption on unused pins.
remark #10372-D: (ULP 4.1) Detected uninitialized Port B in this project. Recommend initializing all unused ports to eliminate wasted current consumption on unused pins.
remark #10372-D: (ULP 4.1) Detected uninitialized Port C in this project. Recommend initializing all unused ports to eliminate wasted current consumption on unused pins.
remark #10422-D: (ULP 6.2) Detected use of a device with available 32-bit hardware multiplier and not also using MSPMATHLIB library (libmath.a).  Recommend using MSPMATHLIB library (libmath.a) for improved performance.
Finished building target: "Project 5 a.out"
 

**** Build Finished ****

**** Build of configuration Debug for project Project 5 a ****

"C:\\ti\\ccs1280\\ccs\\utils\\bin\\gmake" -k -j 16 all -O 
 
Building file: "../switches.c"
Invoking: MSP430 Compiler
"C:/ti/ccs1280/ccs/tools/compiler/ti-cgt-msp430_21.6.1.LTS/bin/cl430" -vmspx --use_hw_mpy=F5 --include_path="C:/ti/ccs1280/ccs/ccs_base/msp430/include" --include_path="C:/Users/chait/Code Composer/WORKSPACE/Homework 6/Homework 6 d" --include_path="C:/ti/ccs1280/ccs/tools/compiler/ti-cgt-msp430_21.6.1.LTS/include" --advice:power=all --advice:hw_config=all --define=__MSP430FR2355__ --define=_FRWP_ENABLE --define=_INFO_FRWP_ENABLE -g --printf_support=minimal --diag_warning=225 --diag_wrap=off --display_error_number --silicon_errata=CPU21 --silicon_errata=CPU22 --silicon_errata=CPU40 --preproc_with_compile --preproc_dependency="switches.d_raw"  "../switches.c"
"..\include\LCD.h", line 46: warning #48-D: incompatible redefinition of macro "NULL" (declared at line 60 of "C:/ti/ccs1280/ccs/tools/compiler/ti-cgt-msp430_21.6.1.LTS/include/string.h")
Finished building: "../switches.c"
 
Building file: "../interrupts_timers.c"
Invoking: MSP430 Compiler
"C:/ti/ccs1280/ccs/tools/compiler/ti-cgt-msp430_21.6.1.LTS/bin/cl430" -vmspx --use_hw_mpy=F5 --include_path="C:/ti/ccs1280/ccs/ccs_base/msp430/include" --include_path="C:/Users/chait/Code Composer/WORKSPACE/Homework 6/Homework 6 d" --include_path="C:/ti/ccs1280/ccs/tools/compiler/ti-cgt-msp430_21.6.1.LTS/include" --advice:power=all --advice:hw_config=all --define=__MSP430FR2355__ --define=_FRWP_ENABLE --define=_INFO_FRWP_ENABLE -g --printf_support=minimal --diag_warning=225 --diag_wrap=off --display_error_number --silicon_errata=CPU21 --silicon_errata=CPU22 --silicon_errata=CPU40 --preproc_with_compile --preproc_dependency="interrupts_timers.d_raw"  "../interrupts_timers.c"
"..\include\LCD.h", line 46: warning #48-D: incompatible redefinition of macro "NULL" (declared at line 60 of "C:/ti/ccs1280/ccs/tools/compiler/ti-cgt-msp430_21.6.1.LTS/include/string.h")
Finished building: "../interrupts_timers.c"
 
Building target: "Project 5 a.out"
Invoking: MSP430 Linker
"C:/ti/ccs1280/ccs/tools/compiler/ti-cgt-msp430_21.6.1.LTS/bin/cl430" -vmspx --use_hw_mpy=F5 --advice:power=all --advice:hw_config=all --define=__MSP430FR2355__ --define=_FRWP_ENABLE --define=_INFO_FRWP_ENABLE -g --printf_support=minimal --diag_warning=225 --diag_wrap=off --display_error_number --silicon_errata=CPU21 --silicon_errata=CPU22 --silicon_errata=CPU40 -z -m"Project 5 a.map" --heap_size=160 --stack_size=160 --cinit_hold_wdt=on -i"C:/ti/ccs1280/ccs/ccs_base/msp430/include" -i"C:/ti/ccs1280/ccs/ccs_base/msp430/lib/FR2xx" -i"C:/ti/ccs1280/ccs/tools/compiler/ti-cgt-msp430_21.6.1.LTS/lib" -i"C:/ti/ccs1280/ccs/tools/compiler/ti-cgt-msp430_21.6.1.LTS/include" --priority --reread_libs --define=_FRWP_ENABLE --define=_INFO_FRWP_ENABLE --diag_wrap=off --display_error_number --warn_sections --xml_link_info="Project 5 a_linkInfo.xml" --use_hw_mpy=F5 --rom_model -o "Project 5 a.out" "./clocks.obj" "./display.obj" "./init.obj" "./interrupt_ports.obj" "./interrupts_timers.obj" "./led.obj" "./main.obj" "./ports.obj" "./switches.obj" "./system.obj" "./timers.obj" "./wheels.obj" "../Compiled/LCD.obj" "../lnk_msp430fr2355.cmd"  -lfrwp_init.a -llibc.a 
<Linking>
remark #10372-D: (ULP 4.1) Detected uninitialized Port A in this project. Recommend initializing all unused ports to eliminate wasted current consumption on unused pins.
remark #10372-D: (ULP 4.1) Detected uninitialized Port B in this project. Recommend initializing all unused ports to eliminate wasted current consumption on unused pins.
remark #10372-D: (ULP 4.1) Detected uninitialized Port C in this project. Recommend initializing all unused ports to eliminate wasted current consumption on unused pins.
remark #10422-D: (ULP 6.2) Detected use of a device with available 32-bit hardware multiplier and not also using MSPMATHLIB library (libmath.a).  Recommend using MSPMATHLIB library (libmath.a) for improved performance.
Finished building target: "Project 5 a.out"
 

**** Build Finished ****

**** Build of configuration Debug for project Project 5 a ****

"C:\\ti\\ccs1280\\ccs\\utils\\bin\\gmake" -k -j 16 all -O 
 
Building file: "../switches.c"
Invoking: MSP430 Compiler
"C:/ti/ccs1280/ccs/tools/compiler/ti-cgt-msp430_21.6.1.LTS/bin/cl430" -vmspx --use_hw_mpy=F5 --include_path="C:/ti/ccs1280/ccs/ccs_base/msp430/include" --include_path="C:/Users/chait/Code Composer/WORKSPACE/Homework 6/Homework 6 d" --include_path="C:/ti/ccs1280/ccs/tools/compiler/ti-cgt-msp430_21.6.1.LTS/include" --advice:power=all --advice:hw_config=all --define=__MSP430FR2355__ --define=_FRWP_ENABLE --define=_INFO_FRWP_ENABLE -g --printf_support=minimal --diag_warning=225 --diag_wrap=off --display_error_number --silicon_errata=CPU21 --silicon_errata=CPU22 --silicon_errata=CPU40 --preproc_with_compile --preproc_dependency="switches.d_raw"  "../switches.c"
"..\include\LCD.h", line 46: warning #48-D: incompatible redefinition of macro "NULL" (declared at line 60 of "C:/ti/ccs1280/ccs/tools/compiler/ti-cgt-msp430_21.6.1.LTS/include/string.h")
"../switches.c", line 22: remark #1535-D: (ULP 8.1) variable "Shape_Count" is used as a constant. Recommend declaring variable as either 'static const' or 'const'
Finished building: "../switches.c"
 
Building file: "../interrupts_timers.c"
Invoking: MSP430 Compiler
"C:/ti/ccs1280/ccs/tools/compiler/ti-cgt-msp430_21.6.1.LTS/bin/cl430" -vmspx --use_hw_mpy=F5 --include_path="C:/ti/ccs1280/ccs/ccs_base/msp430/include" --include_path="C:/Users/chait/Code Composer/WORKSPACE/Homework 6/Homework 6 d" --include_path="C:/ti/ccs1280/ccs/tools/compiler/ti-cgt-msp430_21.6.1.LTS/include" --advice:power=all --advice:hw_config=all --define=__MSP430FR2355__ --define=_FRWP_ENABLE --define=_INFO_FRWP_ENABLE -g --printf_support=minimal --diag_warning=225 --diag_wrap=off --display_error_number --silicon_errata=CPU21 --silicon_errata=CPU22 --silicon_errata=CPU40 --preproc_with_compile --preproc_dependency="interrupts_timers.d_raw"  "../interrupts_timers.c"
"..\include\LCD.h", line 46: warning #48-D: incompatible redefinition of macro "NULL" (declared at line 60 of "C:/ti/ccs1280/ccs/tools/compiler/ti-cgt-msp430_21.6.1.LTS/include/string.h")
Finished building: "../interrupts_timers.c"
 
Building file: "../main.c"
Invoking: MSP430 Compiler
"C:/ti/ccs1280/ccs/tools/compiler/ti-cgt-msp430_21.6.1.LTS/bin/cl430" -vmspx --use_hw_mpy=F5 --include_path="C:/ti/ccs1280/ccs/ccs_base/msp430/include" --include_path="C:/Users/chait/Code Composer/WORKSPACE/Homework 6/Homework 6 d" --include_path="C:/ti/ccs1280/ccs/tools/compiler/ti-cgt-msp430_21.6.1.LTS/include" --advice:power=all --advice:hw_config=all --define=__MSP430FR2355__ --define=_FRWP_ENABLE --define=_INFO_FRWP_ENABLE -g --printf_support=minimal --diag_warning=225 --diag_wrap=off --display_error_number --silicon_errata=CPU21 --silicon_errata=CPU22 --silicon_errata=CPU40 --preproc_with_compile --preproc_dependency="main.d_raw"  "../main.c"
"..\include\LCD.h", line 46: warning #48-D: incompatible redefinition of macro "NULL" (declared at line 60 of "C:/ti/ccs1280/ccs/tools/compiler/ti-cgt-msp430_21.6.1.LTS/include/string.h")
"../main.c", line 42: remark #1535-D: (ULP 8.1) variable "wheel_move" is used as a constant. Recommend declaring variable as either 'static const' or 'const'
"../main.c", line 43: remark #1535-D: (ULP 8.1) variable "forward" is used as a constant. Recommend declaring variable as either 'static const' or 'const'
Finished building: "../main.c"
 
Building target: "Project 5 a.out"
Invoking: MSP430 Linker
"C:/ti/ccs1280/ccs/tools/compiler/ti-cgt-msp430_21.6.1.LTS/bin/cl430" -vmspx --use_hw_mpy=F5 --advice:power=all --advice:hw_config=all --define=__MSP430FR2355__ --define=_FRWP_ENABLE --define=_INFO_FRWP_ENABLE -g --printf_support=minimal --diag_warning=225 --diag_wrap=off --display_error_number --silicon_errata=CPU21 --silicon_errata=CPU22 --silicon_errata=CPU40 -z -m"Project 5 a.map" --heap_size=160 --stack_size=160 --cinit_hold_wdt=on -i"C:/ti/ccs1280/ccs/ccs_base/msp430/include" -i"C:/ti/ccs1280/ccs/ccs_base/msp430/lib/FR2xx" -i"C:/ti/ccs1280/ccs/tools/compiler/ti-cgt-msp430_21.6.1.LTS/lib" -i"C:/ti/ccs1280/ccs/tools/compiler/ti-cgt-msp430_21.6.1.LTS/include" --priority --reread_libs --define=_FRWP_ENABLE --define=_INFO_FRWP_ENABLE --diag_wrap=off --display_error_number --warn_sections --xml_link_info="Project 5 a_linkInfo.xml" --use_hw_mpy=F5 --rom_model -o "Project 5 a.out" "./clocks.obj" "./display.obj" "./init.obj" "./interrupt_ports.obj" "./interrupts_timers.obj" "./led.obj" "./main.obj" "./ports.obj" "./switches.obj" "./system.obj" "./timers.obj" "./wheels.obj" "../Compiled/LCD.obj" "../lnk_msp430fr2355.cmd"  -lfrwp_init.a -llibc.a 
<Linking>
remark #10372-D: (ULP 4.1) Detected uninitialized Port A in this project. Recommend initializing all unused ports to eliminate wasted current consumption on unused pins.
remark #10372-D: (ULP 4.1) Detected uninitialized Port B in this project. Recommend initializing all unused ports to eliminate wasted current consumption on unused pins.
remark #10372-D: (ULP 4.1) Detected uninitialized Port C in this project. Recommend initializing all unused ports to eliminate wasted current consumption on unused pins.
remark #10422-D: (ULP 6.2) Detected use of a device with available 32-bit hardware multiplier and not also using MSPMATHLIB library (libmath.a).  Recommend using MSPMATHLIB library (libmath.a) for improved performance.
Finished building target: "Project 5 a.out"
 

**** Build Finished ****

**** Build of configuration Debug for project Project 5 a ****

"C:\\ti\\ccs1280\\ccs\\utils\\bin\\gmake" -k -j 16 all -O 
 
gmake[1]: 'Project 5 a.out' is up to date.

**** Build Finished ****

**** Build of configuration Debug for project Project 5 a ****

"C:\\ti\\ccs1280\\ccs\\utils\\bin\\gmake" -k -j 16 all -O 
 
Building file: "../init.c"
Invoking: MSP430 Compiler
"C:/ti/ccs1280/ccs/tools/compiler/ti-cgt-msp430_21.6.1.LTS/bin/cl430" -vmspx --use_hw_mpy=F5 --include_path="C:/ti/ccs1280/ccs/ccs_base/msp430/include" --include_path="C:/Users/chait/Code Composer/WORKSPACE/Homework 6/Homework 6 d" --include_path="C:/ti/ccs1280/ccs/tools/compiler/ti-cgt-msp430_21.6.1.LTS/include" --advice:power=all --advice:hw_config=all --define=__MSP430FR2355__ --define=_FRWP_ENABLE --define=_INFO_FRWP_ENABLE -g --printf_support=minimal --diag_warning=225 --diag_wrap=off --display_error_number --silicon_errata=CPU21 --silicon_errata=CPU22 --silicon_errata=CPU40 --preproc_with_compile --preproc_dependency="init.d_raw"  "../init.c"
"..\include\LCD.h", line 46: warning #48-D: incompatible redefinition of macro "NULL" (declared at line 60 of "C:/ti/ccs1280/ccs/tools/compiler/ti-cgt-msp430_21.6.1.LTS/include/string.h")
"../init.c", line 21: remark #1544-D: (ULP 13.1) Detected loop counting up. Recommend loops count down as detecting zeros is easier
"../init.c", line 22: remark #2553-D: (ULP 14.1) Array index (involving "i") of type "int". Recommend using "unsigned int"
"../init.c", line 23: remark #2553-D: (ULP 14.1) Array index (involving "i") of type "int". Recommend using "unsigned int"
"../init.c", line 24: remark #2553-D: (ULP 14.1) Array index (involving "i") of type "int". Recommend using "unsigned int"
"../init.c", line 25: remark #2553-D: (ULP 14.1) Array index (involving "i") of type "int". Recommend using "unsigned int"
Finished building: "../init.c"
 
Building target: "Project 5 a.out"
Invoking: MSP430 Linker
"C:/ti/ccs1280/ccs/tools/compiler/ti-cgt-msp430_21.6.1.LTS/bin/cl430" -vmspx --use_hw_mpy=F5 --advice:power=all --advice:hw_config=all --define=__MSP430FR2355__ --define=_FRWP_ENABLE --define=_INFO_FRWP_ENABLE -g --printf_support=minimal --diag_warning=225 --diag_wrap=off --display_error_number --silicon_errata=CPU21 --silicon_errata=CPU22 --silicon_errata=CPU40 -z -m"Project 5 a.map" --heap_size=160 --stack_size=160 --cinit_hold_wdt=on -i"C:/ti/ccs1280/ccs/ccs_base/msp430/include" -i"C:/ti/ccs1280/ccs/ccs_base/msp430/lib/FR2xx" -i"C:/ti/ccs1280/ccs/tools/compiler/ti-cgt-msp430_21.6.1.LTS/lib" -i"C:/ti/ccs1280/ccs/tools/compiler/ti-cgt-msp430_21.6.1.LTS/include" --priority --reread_libs --define=_FRWP_ENABLE --define=_INFO_FRWP_ENABLE --diag_wrap=off --display_error_number --warn_sections --xml_link_info="Project 5 a_linkInfo.xml" --use_hw_mpy=F5 --rom_model -o "Project 5 a.out" "./clocks.obj" "./display.obj" "./init.obj" "./interrupt_ports.obj" "./interrupts_timers.obj" "./led.obj" "./main.obj" "./ports.obj" "./switches.obj" "./system.obj" "./timers.obj" "./wheels.obj" "../Compiled/LCD.obj" "../lnk_msp430fr2355.cmd"  -lfrwp_init.a -llibc.a 
<Linking>
remark #10372-D: (ULP 4.1) Detected uninitialized Port A in this project. Recommend initializing all unused ports to eliminate wasted current consumption on unused pins.
remark #10372-D: (ULP 4.1) Detected uninitialized Port B in this project. Recommend initializing all unused ports to eliminate wasted current consumption on unused pins.
remark #10372-D: (ULP 4.1) Detected uninitialized Port C in this project. Recommend initializing all unused ports to eliminate wasted current consumption on unused pins.
remark #10422-D: (ULP 6.2) Detected use of a device with available 32-bit hardware multiplier and not also using MSPMATHLIB library (libmath.a).  Recommend using MSPMATHLIB library (libmath.a) for improved performance.
Finished building target: "Project 5 a.out"
 

**** Build Finished ****

**** Build of configuration Debug for project Project 5 a ****

"C:\\ti\\ccs1280\\ccs\\utils\\bin\\gmake" -k -j 16 all -O 
 
gmake[1]: 'Project 5 a.out' is up to date.

**** Build Finished ****

**** Build of configuration Debug for project Project 5 a ****

"C:\\ti\\ccs1280\\ccs\\utils\\bin\\gmake" -k -j 16 all -O 
 
Building file: "../init.c"
Invoking: MSP430 Compiler
"C:/ti/ccs1280/ccs/tools/compiler/ti-cgt-msp430_21.6.1.LTS/bin/cl430" -vmspx --use_hw_mpy=F5 --include_path="C:/ti/ccs1280/ccs/ccs_base/msp430/include" --include_path="C:/Users/chait/Code Composer/WORKSPACE/Homework 6/Homework 6 d" --include_path="C:/ti/ccs1280/ccs/tools/compiler/ti-cgt-msp430_21.6.1.LTS/include" --advice:power=all --advice:hw_config=all --define=__MSP430FR2355__ --define=_FRWP_ENABLE --define=_INFO_FRWP_ENABLE -g --printf_support=minimal --diag_warning=225 --diag_wrap=off --display_error_number --silicon_errata=CPU21 --silicon_errata=CPU22 --silicon_errata=CPU40 --preproc_with_compile --preproc_dependency="init.d_raw"  "../init.c"
"..\include\LCD.h", line 46: warning #48-D: incompatible redefinition of macro "NULL" (declared at line 60 of "C:/ti/ccs1280/ccs/tools/compiler/ti-cgt-msp430_21.6.1.LTS/include/string.h")
"../init.c", line 21: remark #1544-D: (ULP 13.1) Detected loop counting up. Recommend loops count down as detecting zeros is easier
"../init.c", line 22: remark #2553-D: (ULP 14.1) Array index (involving "i") of type "int". Recommend using "unsigned int"
"../init.c", line 23: remark #2553-D: (ULP 14.1) Array index (involving "i") of type "int". Recommend using "unsigned int"
"../init.c", line 24: remark #2553-D: (ULP 14.1) Array index (involving "i") of type "int". Recommend using "unsigned int"
"../init.c", line 25: remark #2553-D: (ULP 14.1) Array index (involving "i") of type "int". Recommend using "unsigned int"
Finished building: "../init.c"
 
Building file: "../switches.c"
Invoking: MSP430 Compiler
"C:/ti/ccs1280/ccs/tools/compiler/ti-cgt-msp430_21.6.1.LTS/bin/cl430" -vmspx --use_hw_mpy=F5 --include_path="C:/ti/ccs1280/ccs/ccs_base/msp430/include" --include_path="C:/Users/chait/Code Composer/WORKSPACE/Homework 6/Homework 6 d" --include_path="C:/ti/ccs1280/ccs/tools/compiler/ti-cgt-msp430_21.6.1.LTS/include" --advice:power=all --advice:hw_config=all --define=__MSP430FR2355__ --define=_FRWP_ENABLE --define=_INFO_FRWP_ENABLE -g --printf_support=minimal --diag_warning=225 --diag_wrap=off --display_error_number --silicon_errata=CPU21 --silicon_errata=CPU22 --silicon_errata=CPU40 --preproc_with_compile --preproc_dependency="switches.d_raw"  "../switches.c"
"..\include\LCD.h", line 46: warning #48-D: incompatible redefinition of macro "NULL" (declared at line 60 of "C:/ti/ccs1280/ccs/tools/compiler/ti-cgt-msp430_21.6.1.LTS/include/string.h")
"../switches.c", line 22: remark #1535-D: (ULP 8.1) variable "Shape_Count" is used as a constant. Recommend declaring variable as either 'static const' or 'const'
Finished building: "../switches.c"
 
Building target: "Project 5 a.out"
Invoking: MSP430 Linker
"C:/ti/ccs1280/ccs/tools/compiler/ti-cgt-msp430_21.6.1.LTS/bin/cl430" -vmspx --use_hw_mpy=F5 --advice:power=all --advice:hw_config=all --define=__MSP430FR2355__ --define=_FRWP_ENABLE --define=_INFO_FRWP_ENABLE -g --printf_support=minimal --diag_warning=225 --diag_wrap=off --display_error_number --silicon_errata=CPU21 --silicon_errata=CPU22 --silicon_errata=CPU40 -z -m"Project 5 a.map" --heap_size=160 --stack_size=160 --cinit_hold_wdt=on -i"C:/ti/ccs1280/ccs/ccs_base/msp430/include" -i"C:/ti/ccs1280/ccs/ccs_base/msp430/lib/FR2xx" -i"C:/ti/ccs1280/ccs/tools/compiler/ti-cgt-msp430_21.6.1.LTS/lib" -i"C:/ti/ccs1280/ccs/tools/compiler/ti-cgt-msp430_21.6.1.LTS/include" --priority --reread_libs --define=_FRWP_ENABLE --define=_INFO_FRWP_ENABLE --diag_wrap=off --display_error_number --warn_sections --xml_link_info="Project 5 a_linkInfo.xml" --use_hw_mpy=F5 --rom_model -o "Project 5 a.out" "./clocks.obj" "./display.obj" "./init.obj" "./interrupt_ports.obj" "./interrupts_timers.obj" "./led.obj" "./main.obj" "./ports.obj" "./switches.obj" "./system.obj" "./timers.obj" "./wheels.obj" "../Compiled/LCD.obj" "../lnk_msp430fr2355.cmd"  -lfrwp_init.a -llibc.a 
<Linking>
remark #10372-D: (ULP 4.1) Detected uninitialized Port A in this project. Recommend initializing all unused ports to eliminate wasted current consumption on unused pins.
remark #10372-D: (ULP 4.1) Detected uninitialized Port B in this project. Recommend initializing all unused ports to eliminate wasted current consumption on unused pins.
remark #10372-D: (ULP 4.1) Detected uninitialized Port C in this project. Recommend initializing all unused ports to eliminate wasted current consumption on unused pins.
remark #10422-D: (ULP 6.2) Detected use of a device with available 32-bit hardware multiplier and not also using MSPMATHLIB library (libmath.a).  Recommend using MSPMATHLIB library (libmath.a) for improved performance.
Finished building target: "Project 5 a.out"
 

**** Build Finished ****

**** Build of configuration Debug for project Project 5 a ****

"C:\\ti\\ccs1280\\ccs\\utils\\bin\\gmake" -k -j 16 all -O 
 
gmake[1]: 'Project 5 a.out' is up to date.

**** Build Finished ****

**** Build of configuration Debug for project Project 5 a ****

"C:\\ti\\ccs1280\\ccs\\utils\\bin\\gmake" -k -j 16 all -O 
 
Building file: "../switches.c"
Invoking: MSP430 Compiler
"C:/ti/ccs1280/ccs/tools/compiler/ti-cgt-msp430_21.6.1.LTS/bin/cl430" -vmspx --use_hw_mpy=F5 --include_path="C:/ti/ccs1280/ccs/ccs_base/msp430/include" --include_path="C:/Users/chait/Code Composer/WORKSPACE/Homework 6/Homework 6 d" --include_path="C:/ti/ccs1280/ccs/tools/compiler/ti-cgt-msp430_21.6.1.LTS/include" --advice:power=all --advice:hw_config=all --define=__MSP430FR2355__ --define=_FRWP_ENABLE --define=_INFO_FRWP_ENABLE -g --printf_support=minimal --diag_warning=225 --diag_wrap=off --display_error_number --silicon_errata=CPU21 --silicon_errata=CPU22 --silicon_errata=CPU40 --preproc_with_compile --preproc_dependency="switches.d_raw"  "../switches.c"
"..\include\LCD.h", line 46: warning #48-D: incompatible redefinition of macro "NULL" (declared at line 60 of "C:/ti/ccs1280/ccs/tools/compiler/ti-cgt-msp430_21.6.1.LTS/include/string.h")
"../switches.c", line 22: remark #1535-D: (ULP 8.1) variable "Shape_Count" is used as a constant. Recommend declaring variable as either 'static const' or 'const'
Finished building: "../switches.c"
 
Building file: "../interrupts_timers.c"
Invoking: MSP430 Compiler
"C:/ti/ccs1280/ccs/tools/compiler/ti-cgt-msp430_21.6.1.LTS/bin/cl430" -vmspx --use_hw_mpy=F5 --include_path="C:/ti/ccs1280/ccs/ccs_base/msp430/include" --include_path="C:/Users/chait/Code Composer/WORKSPACE/Homework 6/Homework 6 d" --include_path="C:/ti/ccs1280/ccs/tools/compiler/ti-cgt-msp430_21.6.1.LTS/include" --advice:power=all --advice:hw_config=all --define=__MSP430FR2355__ --define=_FRWP_ENABLE --define=_INFO_FRWP_ENABLE -g --printf_support=minimal --diag_warning=225 --diag_wrap=off --display_error_number --silicon_errata=CPU21 --silicon_errata=CPU22 --silicon_errata=CPU40 --preproc_with_compile --preproc_dependency="interrupts_timers.d_raw"  "../interrupts_timers.c"
"..\include\LCD.h", line 46: warning #48-D: incompatible redefinition of macro "NULL" (declared at line 60 of "C:/ti/ccs1280/ccs/tools/compiler/ti-cgt-msp430_21.6.1.LTS/include/string.h")
Finished building: "../interrupts_timers.c"
 
Building target: "Project 5 a.out"
Invoking: MSP430 Linker
"C:/ti/ccs1280/ccs/tools/compiler/ti-cgt-msp430_21.6.1.LTS/bin/cl430" -vmspx --use_hw_mpy=F5 --advice:power=all --advice:hw_config=all --define=__MSP430FR2355__ --define=_FRWP_ENABLE --define=_INFO_FRWP_ENABLE -g --printf_support=minimal --diag_warning=225 --diag_wrap=off --display_error_number --silicon_errata=CPU21 --silicon_errata=CPU22 --silicon_errata=CPU40 -z -m"Project 5 a.map" --heap_size=160 --stack_size=160 --cinit_hold_wdt=on -i"C:/ti/ccs1280/ccs/ccs_base/msp430/include" -i"C:/ti/ccs1280/ccs/ccs_base/msp430/lib/FR2xx" -i"C:/ti/ccs1280/ccs/tools/compiler/ti-cgt-msp430_21.6.1.LTS/lib" -i"C:/ti/ccs1280/ccs/tools/compiler/ti-cgt-msp430_21.6.1.LTS/include" --priority --reread_libs --define=_FRWP_ENABLE --define=_INFO_FRWP_ENABLE --diag_wrap=off --display_error_number --warn_sections --xml_link_info="Project 5 a_linkInfo.xml" --use_hw_mpy=F5 --rom_model -o "Project 5 a.out" "./clocks.obj" "./display.obj" "./init.obj" "./interrupt_ports.obj" "./interrupts_timers.obj" "./led.obj" "./main.obj" "./ports.obj" "./switches.obj" "./system.obj" "./timers.obj" "./wheels.obj" "../Compiled/LCD.obj" "../lnk_msp430fr2355.cmd"  -lfrwp_init.a -llibc.a 
<Linking>
remark #10372-D: (ULP 4.1) Detected uninitialized Port A in this project. Recommend initializing all unused ports to eliminate wasted current consumption on unused pins.
remark #10372-D: (ULP 4.1) Detected uninitialized Port B in this project. Recommend initializing all unused ports to eliminate wasted current consumption on unused pins.
remark #10372-D: (ULP 4.1) Detected uninitialized Port C in this project. Recommend initializing all unused ports to eliminate wasted current consumption on unused pins.
remark #10422-D: (ULP 6.2) Detected use of a device with available 32-bit hardware multiplier and not also using MSPMATHLIB library (libmath.a).  Recommend using MSPMATHLIB library (libmath.a) for improved performance.
Finished building target: "Project 5 a.out"
 

**** Build Finished ****

**** Build of configuration Debug for project Project 5 a ****

"C:\\ti\\ccs1280\\ccs\\utils\\bin\\gmake" -k -j 16 all -O 
 
Building file: "../clocks.c"
Invoking: MSP430 Compiler
"C:/ti/ccs1280/ccs/tools/compiler/ti-cgt-msp430_21.6.1.LTS/bin/cl430" -vmspx --use_hw_mpy=F5 --include_path="C:/ti/ccs1280/ccs/ccs_base/msp430/include" --include_path="C:/Users/chait/Code Composer/WORKSPACE/Homework 6/Homework 6 d" --include_path="C:/ti/ccs1280/ccs/tools/compiler/ti-cgt-msp430_21.6.1.LTS/include" --advice:power=all --advice:hw_config=all --define=__MSP430FR2355__ --define=_FRWP_ENABLE --define=_INFO_FRWP_ENABLE -g --printf_support=minimal --diag_warning=225 --diag_wrap=off --display_error_number --silicon_errata=CPU21 --silicon_errata=CPU22 --silicon_errata=CPU40 --preproc_with_compile --preproc_dependency="clocks.d_raw"  "../clocks.c"
"..\include\LCD.h", line 46: warning #48-D: incompatible redefinition of macro "NULL" (declared at line 60 of "C:/ti/ccs1280/ccs/tools/compiler/ti-cgt-msp430_21.6.1.LTS/include/string.h")
"../clocks.c", line 90: remark #1527-D: (ULP 2.1) Detected SW delay loop using __delay_cycles. Recommend using a timer module instead
"../clocks.c", line 91: remark #1527-D: (ULP 2.1) Detected SW delay loop using empty loop. Recommend using a timer module instead
"../clocks.c", line 124: remark #1527-D: (ULP 2.1) Detected SW delay loop using empty loop. Recommend using a timer module instead
Finished building: "../clocks.c"
 
Building file: "../display.c"
Invoking: MSP430 Compiler
"C:/ti/ccs1280/ccs/tools/compiler/ti-cgt-msp430_21.6.1.LTS/bin/cl430" -vmspx --use_hw_mpy=F5 --include_path="C:/ti/ccs1280/ccs/ccs_base/msp430/include" --include_path="C:/Users/chait/Code Composer/WORKSPACE/Homework 6/Homework 6 d" --include_path="C:/ti/ccs1280/ccs/tools/compiler/ti-cgt-msp430_21.6.1.LTS/include" --advice:power=all --advice:hw_config=all --define=__MSP430FR2355__ --define=_FRWP_ENABLE --define=_INFO_FRWP_ENABLE -g --printf_support=minimal --diag_warning=225 --diag_wrap=off --display_error_number --silicon_errata=CPU21 --silicon_errata=CPU22 --silicon_errata=CPU40 --preproc_with_compile --preproc_dependency="display.d_raw"  "../display.c"
"..\include\LCD.h", line 46: warning #48-D: incompatible redefinition of macro "NULL" (declared at line 60 of "C:/ti/ccs1280/ccs/tools/compiler/ti-cgt-msp430_21.6.1.LTS/include/string.h")
Finished building: "../display.c"
 
Building file: "../init.c"
Invoking: MSP430 Compiler
"C:/ti/ccs1280/ccs/tools/compiler/ti-cgt-msp430_21.6.1.LTS/bin/cl430" -vmspx --use_hw_mpy=F5 --include_path="C:/ti/ccs1280/ccs/ccs_base/msp430/include" --include_path="C:/Users/chait/Code Composer/WORKSPACE/Homework 6/Homework 6 d" --include_path="C:/ti/ccs1280/ccs/tools/compiler/ti-cgt-msp430_21.6.1.LTS/include" --advice:power=all --advice:hw_config=all --define=__MSP430FR2355__ --define=_FRWP_ENABLE --define=_INFO_FRWP_ENABLE -g --printf_support=minimal --diag_warning=225 --diag_wrap=off --display_error_number --silicon_errata=CPU21 --silicon_errata=CPU22 --silicon_errata=CPU40 --preproc_with_compile --preproc_dependency="init.d_raw"  "../init.c"
"..\include\LCD.h", line 46: warning #48-D: incompatible redefinition of macro "NULL" (declared at line 60 of "C:/ti/ccs1280/ccs/tools/compiler/ti-cgt-msp430_21.6.1.LTS/include/string.h")
"../init.c", line 21: remark #1544-D: (ULP 13.1) Detected loop counting up. Recommend loops count down as detecting zeros is easier
"../init.c", line 22: remark #2553-D: (ULP 14.1) Array index (involving "i") of type "int". Recommend using "unsigned int"
"../init.c", line 23: remark #2553-D: (ULP 14.1) Array index (involving "i") of type "int". Recommend using "unsigned int"
"../init.c", line 24: remark #2553-D: (ULP 14.1) Array index (involving "i") of type "int". Recommend using "unsigned int"
"../init.c", line 25: remark #2553-D: (ULP 14.1) Array index (involving "i") of type "int". Recommend using "unsigned int"
Finished building: "../init.c"
 
Building file: "../main.c"
Invoking: MSP430 Compiler
"C:/ti/ccs1280/ccs/tools/compiler/ti-cgt-msp430_21.6.1.LTS/bin/cl430" -vmspx --use_hw_mpy=F5 --include_path="C:/ti/ccs1280/ccs/ccs_base/msp430/include" --include_path="C:/Users/chait/Code Composer/WORKSPACE/Homework 6/Homework 6 d" --include_path="C:/ti/ccs1280/ccs/tools/compiler/ti-cgt-msp430_21.6.1.LTS/include" --advice:power=all --advice:hw_config=all --define=__MSP430FR2355__ --define=_FRWP_ENABLE --define=_INFO_FRWP_ENABLE -g --printf_support=minimal --diag_warning=225 --diag_wrap=off --display_error_number --silicon_errata=CPU21 --silicon_errata=CPU22 --silicon_errata=CPU40 --preproc_with_compile --preproc_dependency="main.d_raw"  "../main.c"
 
>> Compilation failure
subdir_rules.mk:9: recipe for target 'main.obj' failed
"..\include\LCD.h", line 46: warning #48-D: incompatible redefinition of macro "NULL" (declared at line 60 of "C:/ti/ccs1280/ccs/tools/compiler/ti-cgt-msp430_21.6.1.LTS/include/string.h")
"../main.c", line 48: error #148: declaration is incompatible with "volatile unsigned int Switch_State" (declared at line 85 of "..\include\macros.h")
"../main.c", line 42: remark #1535-D: (ULP 8.1) variable "wheel_move" is used as a constant. Recommend declaring variable as either 'static const' or 'const'
"../main.c", line 43: remark #1535-D: (ULP 8.1) variable "forward" is used as a constant. Recommend declaring variable as either 'static const' or 'const'
1 error detected in the compilation of "../main.c".
gmake: *** [main.obj] Error 1
Building file: "../interrupt_ports.c"
Invoking: MSP430 Compiler
"C:/ti/ccs1280/ccs/tools/compiler/ti-cgt-msp430_21.6.1.LTS/bin/cl430" -vmspx --use_hw_mpy=F5 --include_path="C:/ti/ccs1280/ccs/ccs_base/msp430/include" --include_path="C:/Users/chait/Code Composer/WORKSPACE/Homework 6/Homework 6 d" --include_path="C:/ti/ccs1280/ccs/tools/compiler/ti-cgt-msp430_21.6.1.LTS/include" --advice:power=all --advice:hw_config=all --define=__MSP430FR2355__ --define=_FRWP_ENABLE --define=_INFO_FRWP_ENABLE -g --printf_support=minimal --diag_warning=225 --diag_wrap=off --display_error_number --silicon_errata=CPU21 --silicon_errata=CPU22 --silicon_errata=CPU40 --preproc_with_compile --preproc_dependency="interrupt_ports.d_raw"  "../interrupt_ports.c"
"..\include\LCD.h", line 46: warning #48-D: incompatible redefinition of macro "NULL" (declared at line 60 of "C:/ti/ccs1280/ccs/tools/compiler/ti-cgt-msp430_21.6.1.LTS/include/string.h")
Finished building: "../interrupt_ports.c"
 
Building file: "../led.c"
Invoking: MSP430 Compiler
"C:/ti/ccs1280/ccs/tools/compiler/ti-cgt-msp430_21.6.1.LTS/bin/cl430" -vmspx --use_hw_mpy=F5 --include_path="C:/ti/ccs1280/ccs/ccs_base/msp430/include" --include_path="C:/Users/chait/Code Composer/WORKSPACE/Homework 6/Homework 6 d" --include_path="C:/ti/ccs1280/ccs/tools/compiler/ti-cgt-msp430_21.6.1.LTS/include" --advice:power=all --advice:hw_config=all --define=__MSP430FR2355__ --define=_FRWP_ENABLE --define=_INFO_FRWP_ENABLE -g --printf_support=minimal --diag_warning=225 --diag_wrap=off --display_error_number --silicon_errata=CPU21 --silicon_errata=CPU22 --silicon_errata=CPU40 --preproc_with_compile --preproc_dependency="led.d_raw"  "../led.c"
"..\include\LCD.h", line 46: warning #48-D: incompatible redefinition of macro "NULL" (declared at line 60 of "C:/ti/ccs1280/ccs/tools/compiler/ti-cgt-msp430_21.6.1.LTS/include/string.h")
Finished building: "../led.c"
 
Building file: "../interrupts_timers.c"
Invoking: MSP430 Compiler
"C:/ti/ccs1280/ccs/tools/compiler/ti-cgt-msp430_21.6.1.LTS/bin/cl430" -vmspx --use_hw_mpy=F5 --include_path="C:/ti/ccs1280/ccs/ccs_base/msp430/include" --include_path="C:/Users/chait/Code Composer/WORKSPACE/Homework 6/Homework 6 d" --include_path="C:/ti/ccs1280/ccs/tools/compiler/ti-cgt-msp430_21.6.1.LTS/include" --advice:power=all --advice:hw_config=all --define=__MSP430FR2355__ --define=_FRWP_ENABLE --define=_INFO_FRWP_ENABLE -g --printf_support=minimal --diag_warning=225 --diag_wrap=off --display_error_number --silicon_errata=CPU21 --silicon_errata=CPU22 --silicon_errata=CPU40 --preproc_with_compile --preproc_dependency="interrupts_timers.d_raw"  "../interrupts_timers.c"
"..\include\LCD.h", line 46: warning #48-D: incompatible redefinition of macro "NULL" (declared at line 60 of "C:/ti/ccs1280/ccs/tools/compiler/ti-cgt-msp430_21.6.1.LTS/include/string.h")
Finished building: "../interrupts_timers.c"
 
Building file: "../switches.c"
Invoking: MSP430 Compiler
"C:/ti/ccs1280/ccs/tools/compiler/ti-cgt-msp430_21.6.1.LTS/bin/cl430" -vmspx --use_hw_mpy=F5 --include_path="C:/ti/ccs1280/ccs/ccs_base/msp430/include" --include_path="C:/Users/chait/Code Composer/WORKSPACE/Homework 6/Homework 6 d" --include_path="C:/ti/ccs1280/ccs/tools/compiler/ti-cgt-msp430_21.6.1.LTS/include" --advice:power=all --advice:hw_config=all --define=__MSP430FR2355__ --define=_FRWP_ENABLE --define=_INFO_FRWP_ENABLE -g --printf_support=minimal --diag_warning=225 --diag_wrap=off --display_error_number --silicon_errata=CPU21 --silicon_errata=CPU22 --silicon_errata=CPU40 --preproc_with_compile --preproc_dependency="switches.d_raw"  "../switches.c"
 
>> Compilation failure
subdir_rules.mk:9: recipe for target 'switches.obj' failed
"..\include\LCD.h", line 46: warning #48-D: incompatible redefinition of macro "NULL" (declared at line 60 of "C:/ti/ccs1280/ccs/tools/compiler/ti-cgt-msp430_21.6.1.LTS/include/string.h")
"../switches.c", line 18: error #148: declaration is incompatible with "volatile unsigned int sw1_position" (declared at line 88 of "..\include\macros.h")
"../switches.c", line 19: error #148: declaration is incompatible with "volatile unsigned int sw2_position" (declared at line 89 of "..\include\macros.h")
"../switches.c", line 22: error #148: declaration is incompatible with "volatile unsigned int Shape_Count" (declared at line 86 of "..\include\macros.h")
"../switches.c", line 22: remark #1535-D: (ULP 8.1) variable "Shape_Count" is used as a constant. Recommend declaring variable as either 'static const' or 'const'
3 errors detected in the compilation of "../switches.c".
gmake: *** [switches.obj] Error 1
Building file: "../ports.c"
Invoking: MSP430 Compiler
"C:/ti/ccs1280/ccs/tools/compiler/ti-cgt-msp430_21.6.1.LTS/bin/cl430" -vmspx --use_hw_mpy=F5 --include_path="C:/ti/ccs1280/ccs/ccs_base/msp430/include" --include_path="C:/Users/chait/Code Composer/WORKSPACE/Homework 6/Homework 6 d" --include_path="C:/ti/ccs1280/ccs/tools/compiler/ti-cgt-msp430_21.6.1.LTS/include" --advice:power=all --advice:hw_config=all --define=__MSP430FR2355__ --define=_FRWP_ENABLE --define=_INFO_FRWP_ENABLE -g --printf_support=minimal --diag_warning=225 --diag_wrap=off --display_error_number --silicon_errata=CPU21 --silicon_errata=CPU22 --silicon_errata=CPU40 --preproc_with_compile --preproc_dependency="ports.d_raw"  "../ports.c"
"..\include\LCD.h", line 46: warning #48-D: incompatible redefinition of macro "NULL" (declared at line 60 of "C:/ti/ccs1280/ccs/tools/compiler/ti-cgt-msp430_21.6.1.LTS/include/string.h")
Finished building: "../ports.c"
 
Building file: "../system.c"
Invoking: MSP430 Compiler
"C:/ti/ccs1280/ccs/tools/compiler/ti-cgt-msp430_21.6.1.LTS/bin/cl430" -vmspx --use_hw_mpy=F5 --include_path="C:/ti/ccs1280/ccs/ccs_base/msp430/include" --include_path="C:/Users/chait/Code Composer/WORKSPACE/Homework 6/Homework 6 d" --include_path="C:/ti/ccs1280/ccs/tools/compiler/ti-cgt-msp430_21.6.1.LTS/include" --advice:power=all --advice:hw_config=all --define=__MSP430FR2355__ --define=_FRWP_ENABLE --define=_INFO_FRWP_ENABLE -g --printf_support=minimal --diag_warning=225 --diag_wrap=off --display_error_number --silicon_errata=CPU21 --silicon_errata=CPU22 --silicon_errata=CPU40 --preproc_with_compile --preproc_dependency="system.d_raw"  "../system.c"
"..\include\LCD.h", line 46: warning #48-D: incompatible redefinition of macro "NULL" (declared at line 60 of "C:/ti/ccs1280/ccs/tools/compiler/ti-cgt-msp430_21.6.1.LTS/include/string.h")
Finished building: "../system.c"
 
Building file: "../timers.c"
Invoking: MSP430 Compiler
"C:/ti/ccs1280/ccs/tools/compiler/ti-cgt-msp430_21.6.1.LTS/bin/cl430" -vmspx --use_hw_mpy=F5 --include_path="C:/ti/ccs1280/ccs/ccs_base/msp430/include" --include_path="C:/Users/chait/Code Composer/WORKSPACE/Homework 6/Homework 6 d" --include_path="C:/ti/ccs1280/ccs/tools/compiler/ti-cgt-msp430_21.6.1.LTS/include" --advice:power=all --advice:hw_config=all --define=__MSP430FR2355__ --define=_FRWP_ENABLE --define=_INFO_FRWP_ENABLE -g --printf_support=minimal --diag_warning=225 --diag_wrap=off --display_error_number --silicon_errata=CPU21 --silicon_errata=CPU22 --silicon_errata=CPU40 --preproc_with_compile --preproc_dependency="timers.d_raw"  "../timers.c"
"..\include\LCD.h", line 46: warning #48-D: incompatible redefinition of macro "NULL" (declared at line 60 of "C:/ti/ccs1280/ccs/tools/compiler/ti-cgt-msp430_21.6.1.LTS/include/string.h")
"../timers.c", line 44: warning #70-D: integer conversion resulted in truncation
"../timers.c", line 49: warning #70-D: integer conversion resulted in truncation
Finished building: "../timers.c"
 
Building file: "../wheels.c"
Invoking: MSP430 Compiler
"C:/ti/ccs1280/ccs/tools/compiler/ti-cgt-msp430_21.6.1.LTS/bin/cl430" -vmspx --use_hw_mpy=F5 --include_path="C:/ti/ccs1280/ccs/ccs_base/msp430/include" --include_path="C:/Users/chait/Code Composer/WORKSPACE/Homework 6/Homework 6 d" --include_path="C:/ti/ccs1280/ccs/tools/compiler/ti-cgt-msp430_21.6.1.LTS/include" --advice:power=all --advice:hw_config=all --define=__MSP430FR2355__ --define=_FRWP_ENABLE --define=_INFO_FRWP_ENABLE -g --printf_support=minimal --diag_warning=225 --diag_wrap=off --display_error_number --silicon_errata=CPU21 --silicon_errata=CPU22 --silicon_errata=CPU40 --preproc_with_compile --preproc_dependency="wheels.d_raw"  "../wheels.c"
"..\include\LCD.h", line 46: warning #48-D: incompatible redefinition of macro "NULL" (declared at line 60 of "C:/ti/ccs1280/ccs/tools/compiler/ti-cgt-msp430_21.6.1.LTS/include/string.h")
Finished building: "../wheels.c"
 
gmake: Target 'all' not remade because of errors.

**** Build Finished ****

**** Build of configuration Debug for project Project 5 a ****

"C:\\ti\\ccs1280\\ccs\\utils\\bin\\gmake" -k -j 16 all -O 
 
Building file: "../switches.c"
Invoking: MSP430 Compiler
"C:/ti/ccs1280/ccs/tools/compiler/ti-cgt-msp430_21.6.1.LTS/bin/cl430" -vmspx --use_hw_mpy=F5 --include_path="C:/ti/ccs1280/ccs/ccs_base/msp430/include" --include_path="C:/Users/chait/Code Composer/WORKSPACE/Homework 6/Homework 6 d" --include_path="C:/ti/ccs1280/ccs/tools/compiler/ti-cgt-msp430_21.6.1.LTS/include" --advice:power=all --advice:hw_config=all --define=__MSP430FR2355__ --define=_FRWP_ENABLE --define=_INFO_FRWP_ENABLE -g --printf_support=minimal --diag_warning=225 --diag_wrap=off --display_error_number --silicon_errata=CPU21 --silicon_errata=CPU22 --silicon_errata=CPU40 --preproc_with_compile --preproc_dependency="switches.d_raw"  "../switches.c"
"..\include\LCD.h", line 46: warning #48-D: incompatible redefinition of macro "NULL" (declared at line 60 of "C:/ti/ccs1280/ccs/tools/compiler/ti-cgt-msp430_21.6.1.LTS/include/string.h")
Finished building: "../switches.c"
 
Building file: "../main.c"
Invoking: MSP430 Compiler
"C:/ti/ccs1280/ccs/tools/compiler/ti-cgt-msp430_21.6.1.LTS/bin/cl430" -vmspx --use_hw_mpy=F5 --include_path="C:/ti/ccs1280/ccs/ccs_base/msp430/include" --include_path="C:/Users/chait/Code Composer/WORKSPACE/Homework 6/Homework 6 d" --include_path="C:/ti/ccs1280/ccs/tools/compiler/ti-cgt-msp430_21.6.1.LTS/include" --advice:power=all --advice:hw_config=all --define=__MSP430FR2355__ --define=_FRWP_ENABLE --define=_INFO_FRWP_ENABLE -g --printf_support=minimal --diag_warning=225 --diag_wrap=off --display_error_number --silicon_errata=CPU21 --silicon_errata=CPU22 --silicon_errata=CPU40 --preproc_with_compile --preproc_dependency="main.d_raw"  "../main.c"
"..\include\LCD.h", line 46: warning #48-D: incompatible redefinition of macro "NULL" (declared at line 60 of "C:/ti/ccs1280/ccs/tools/compiler/ti-cgt-msp430_21.6.1.LTS/include/string.h")
"../main.c", line 42: remark #1535-D: (ULP 8.1) variable "wheel_move" is used as a constant. Recommend declaring variable as either 'static const' or 'const'
"../main.c", line 43: remark #1535-D: (ULP 8.1) variable "forward" is used as a constant. Recommend declaring variable as either 'static const' or 'const'
Finished building: "../main.c"
 
Building target: "Project 5 a.out"
Invoking: MSP430 Linker
"C:/ti/ccs1280/ccs/tools/compiler/ti-cgt-msp430_21.6.1.LTS/bin/cl430" -vmspx --use_hw_mpy=F5 --advice:power=all --advice:hw_config=all --define=__MSP430FR2355__ --define=_FRWP_ENABLE --define=_INFO_FRWP_ENABLE -g --printf_support=minimal --diag_warning=225 --diag_wrap=off --display_error_number --silicon_errata=CPU21 --silicon_errata=CPU22 --silicon_errata=CPU40 -z -m"Project 5 a.map" --heap_size=160 --stack_size=160 --cinit_hold_wdt=on -i"C:/ti/ccs1280/ccs/ccs_base/msp430/include" -i"C:/ti/ccs1280/ccs/ccs_base/msp430/lib/FR2xx" -i"C:/ti/ccs1280/ccs/tools/compiler/ti-cgt-msp430_21.6.1.LTS/lib" -i"C:/ti/ccs1280/ccs/tools/compiler/ti-cgt-msp430_21.6.1.LTS/include" --priority --reread_libs --define=_FRWP_ENABLE --define=_INFO_FRWP_ENABLE --diag_wrap=off --display_error_number --warn_sections --xml_link_info="Project 5 a_linkInfo.xml" --use_hw_mpy=F5 --rom_model -o "Project 5 a.out" "./clocks.obj" "./display.obj" "./init.obj" "./interrupt_ports.obj" "./interrupts_timers.obj" "./led.obj" "./main.obj" "./ports.obj" "./switches.obj" "./system.obj" "./timers.obj" "./wheels.obj" "../Compiled/LCD.obj" "../lnk_msp430fr2355.cmd"  -lfrwp_init.a -llibc.a 
<Linking>
remark #10372-D: (ULP 4.1) Detected uninitialized Port A in this project. Recommend initializing all unused ports to eliminate wasted current consumption on unused pins.
remark #10372-D: (ULP 4.1) Detected uninitialized Port B in this project. Recommend initializing all unused ports to eliminate wasted current consumption on unused pins.
remark #10372-D: (ULP 4.1) Detected uninitialized Port C in this project. Recommend initializing all unused ports to eliminate wasted current consumption on unused pins.
remark #10422-D: (ULP 6.2) Detected use of a device with available 32-bit hardware multiplier and not also using MSPMATHLIB library (libmath.a).  Recommend using MSPMATHLIB library (libmath.a) for improved performance.
Finished building target: "Project 5 a.out"
 

**** Build Finished ****

**** Build of configuration Debug for project Project 5 a ****

"C:\\ti\\ccs1280\\ccs\\utils\\bin\\gmake" -k -j 16 all -O 
 
gmake[1]: 'Project 5 a.out' is up to date.

**** Build Finished ****

**** Build of configuration Debug for project Project 5 a ****

"C:\\ti\\ccs1280\\ccs\\utils\\bin\\gmake" -k -j 16 all -O 
 
Building file: "../interrupts_timers.c"
Invoking: MSP430 Compiler
"C:/ti/ccs1280/ccs/tools/compiler/ti-cgt-msp430_21.6.1.LTS/bin/cl430" -vmspx --use_hw_mpy=F5 --include_path="C:/ti/ccs1280/ccs/ccs_base/msp430/include" --include_path="C:/Users/chait/Code Composer/WORKSPACE/Homework 6/Homework 6 d" --include_path="C:/ti/ccs1280/ccs/tools/compiler/ti-cgt-msp430_21.6.1.LTS/include" --advice:power=all --advice:hw_config=all --define=__MSP430FR2355__ --define=_FRWP_ENABLE --define=_INFO_FRWP_ENABLE -g --printf_support=minimal --diag_warning=225 --diag_wrap=off --display_error_number --silicon_errata=CPU21 --silicon_errata=CPU22 --silicon_errata=CPU40 --preproc_with_compile --preproc_dependency="interrupts_timers.d_raw"  "../interrupts_timers.c"
"..\include\LCD.h", line 46: warning #48-D: incompatible redefinition of macro "NULL" (declared at line 60 of "C:/ti/ccs1280/ccs/tools/compiler/ti-cgt-msp430_21.6.1.LTS/include/string.h")
Finished building: "../interrupts_timers.c"
 
Building target: "Project 5 a.out"
Invoking: MSP430 Linker
"C:/ti/ccs1280/ccs/tools/compiler/ti-cgt-msp430_21.6.1.LTS/bin/cl430" -vmspx --use_hw_mpy=F5 --advice:power=all --advice:hw_config=all --define=__MSP430FR2355__ --define=_FRWP_ENABLE --define=_INFO_FRWP_ENABLE -g --printf_support=minimal --diag_warning=225 --diag_wrap=off --display_error_number --silicon_errata=CPU21 --silicon_errata=CPU22 --silicon_errata=CPU40 -z -m"Project 5 a.map" --heap_size=160 --stack_size=160 --cinit_hold_wdt=on -i"C:/ti/ccs1280/ccs/ccs_base/msp430/include" -i"C:/ti/ccs1280/ccs/ccs_base/msp430/lib/FR2xx" -i"C:/ti/ccs1280/ccs/tools/compiler/ti-cgt-msp430_21.6.1.LTS/lib" -i"C:/ti/ccs1280/ccs/tools/compiler/ti-cgt-msp430_21.6.1.LTS/include" --priority --reread_libs --define=_FRWP_ENABLE --define=_INFO_FRWP_ENABLE --diag_wrap=off --display_error_number --warn_sections --xml_link_info="Project 5 a_linkInfo.xml" --use_hw_mpy=F5 --rom_model -o "Project 5 a.out" "./clocks.obj" "./display.obj" "./init.obj" "./interrupt_ports.obj" "./interrupts_timers.obj" "./led.obj" "./main.obj" "./ports.obj" "./switches.obj" "./system.obj" "./timers.obj" "./wheels.obj" "../Compiled/LCD.obj" "../lnk_msp430fr2355.cmd"  -lfrwp_init.a -llibc.a 
<Linking>
remark #10372-D: (ULP 4.1) Detected uninitialized Port A in this project. Recommend initializing all unused ports to eliminate wasted current consumption on unused pins.
remark #10372-D: (ULP 4.1) Detected uninitialized Port B in this project. Recommend initializing all unused ports to eliminate wasted current consumption on unused pins.
remark #10372-D: (ULP 4.1) Detected uninitialized Port C in this project. Recommend initializing all unused ports to eliminate wasted current consumption on unused pins.
remark #10422-D: (ULP 6.2) Detected use of a device with available 32-bit hardware multiplier and not also using MSPMATHLIB library (libmath.a).  Recommend using MSPMATHLIB library (libmath.a) for improved performance.
Finished building target: "Project 5 a.out"
 

**** Build Finished ****

**** Build of configuration Debug for project Project 5 a ****

"C:\\ti\\ccs1280\\ccs\\utils\\bin\\gmake" -k -j 16 all -O 
 
Building file: "../interrupts_timers.c"
Invoking: MSP430 Compiler
"C:/ti/ccs1280/ccs/tools/compiler/ti-cgt-msp430_21.6.1.LTS/bin/cl430" -vmspx --use_hw_mpy=F5 --include_path="C:/ti/ccs1280/ccs/ccs_base/msp430/include" --include_path="C:/Users/chait/Code Composer/WORKSPACE/Homework 6/Homework 6 d" --include_path="C:/ti/ccs1280/ccs/tools/compiler/ti-cgt-msp430_21.6.1.LTS/include" --advice:power=all --advice:hw_config=all --define=__MSP430FR2355__ --define=_FRWP_ENABLE --define=_INFO_FRWP_ENABLE -g --printf_support=minimal --diag_warning=225 --diag_wrap=off --display_error_number --silicon_errata=CPU21 --silicon_errata=CPU22 --silicon_errata=CPU40 --preproc_with_compile --preproc_dependency="interrupts_timers.d_raw"  "../interrupts_timers.c"
"..\include\LCD.h", line 46: warning #48-D: incompatible redefinition of macro "NULL" (declared at line 60 of "C:/ti/ccs1280/ccs/tools/compiler/ti-cgt-msp430_21.6.1.LTS/include/string.h")
Finished building: "../interrupts_timers.c"
 
Building target: "Project 5 a.out"
Invoking: MSP430 Linker
"C:/ti/ccs1280/ccs/tools/compiler/ti-cgt-msp430_21.6.1.LTS/bin/cl430" -vmspx --use_hw_mpy=F5 --advice:power=all --advice:hw_config=all --define=__MSP430FR2355__ --define=_FRWP_ENABLE --define=_INFO_FRWP_ENABLE -g --printf_support=minimal --diag_warning=225 --diag_wrap=off --display_error_number --silicon_errata=CPU21 --silicon_errata=CPU22 --silicon_errata=CPU40 -z -m"Project 5 a.map" --heap_size=160 --stack_size=160 --cinit_hold_wdt=on -i"C:/ti/ccs1280/ccs/ccs_base/msp430/include" -i"C:/ti/ccs1280/ccs/ccs_base/msp430/lib/FR2xx" -i"C:/ti/ccs1280/ccs/tools/compiler/ti-cgt-msp430_21.6.1.LTS/lib" -i"C:/ti/ccs1280/ccs/tools/compiler/ti-cgt-msp430_21.6.1.LTS/include" --priority --reread_libs --define=_FRWP_ENABLE --define=_INFO_FRWP_ENABLE --diag_wrap=off --display_error_number --warn_sections --xml_link_info="Project 5 a_linkInfo.xml" --use_hw_mpy=F5 --rom_model -o "Project 5 a.out" "./clocks.obj" "./display.obj" "./init.obj" "./interrupt_ports.obj" "./interrupts_timers.obj" "./led.obj" "./main.obj" "./ports.obj" "./switches.obj" "./system.obj" "./timers.obj" "./wheels.obj" "../Compiled/LCD.obj" "../lnk_msp430fr2355.cmd"  -lfrwp_init.a -llibc.a 
<Linking>
remark #10372-D: (ULP 4.1) Detected uninitialized Port A in this project. Recommend initializing all unused ports to eliminate wasted current consumption on unused pins.
remark #10372-D: (ULP 4.1) Detected uninitialized Port B in this project. Recommend initializing all unused ports to eliminate wasted current consumption on unused pins.
remark #10372-D: (ULP 4.1) Detected uninitialized Port C in this project. Recommend initializing all unused ports to eliminate wasted current consumption on unused pins.
remark #10422-D: (ULP 6.2) Detected use of a device with available 32-bit hardware multiplier and not also using MSPMATHLIB library (libmath.a).  Recommend using MSPMATHLIB library (libmath.a) for improved performance.
Finished building target: "Project 5 a.out"
 

**** Build Finished ****

**** Build of configuration Debug for project Project 5 a ****

"C:\\ti\\ccs1280\\ccs\\utils\\bin\\gmake" -k -j 16 all -O 
 
Building file: "../interrupt_ports.c"
Invoking: MSP430 Compiler
"C:/ti/ccs1280/ccs/tools/compiler/ti-cgt-msp430_21.6.1.LTS/bin/cl430" -vmspx --use_hw_mpy=F5 --include_path="C:/ti/ccs1280/ccs/ccs_base/msp430/include" --include_path="C:/Users/chait/Code Composer/WORKSPACE/Homework 6/Homework 6 d" --include_path="C:/ti/ccs1280/ccs/tools/compiler/ti-cgt-msp430_21.6.1.LTS/include" --advice:power=all --advice:hw_config=all --define=__MSP430FR2355__ --define=_FRWP_ENABLE --define=_INFO_FRWP_ENABLE -g --printf_support=minimal --diag_warning=225 --diag_wrap=off --display_error_number --silicon_errata=CPU21 --silicon_errata=CPU22 --silicon_errata=CPU40 --preproc_with_compile --preproc_dependency="interrupt_ports.d_raw"  "../interrupt_ports.c"
"..\include\LCD.h", line 46: warning #48-D: incompatible redefinition of macro "NULL" (declared at line 60 of "C:/ti/ccs1280/ccs/tools/compiler/ti-cgt-msp430_21.6.1.LTS/include/string.h")
Finished building: "../interrupt_ports.c"
 
Building file: "../interrupts_timers.c"
Invoking: MSP430 Compiler
"C:/ti/ccs1280/ccs/tools/compiler/ti-cgt-msp430_21.6.1.LTS/bin/cl430" -vmspx --use_hw_mpy=F5 --include_path="C:/ti/ccs1280/ccs/ccs_base/msp430/include" --include_path="C:/Users/chait/Code Composer/WORKSPACE/Homework 6/Homework 6 d" --include_path="C:/ti/ccs1280/ccs/tools/compiler/ti-cgt-msp430_21.6.1.LTS/include" --advice:power=all --advice:hw_config=all --define=__MSP430FR2355__ --define=_FRWP_ENABLE --define=_INFO_FRWP_ENABLE -g --printf_support=minimal --diag_warning=225 --diag_wrap=off --display_error_number --silicon_errata=CPU21 --silicon_errata=CPU22 --silicon_errata=CPU40 --preproc_with_compile --preproc_dependency="interrupts_timers.d_raw"  "../interrupts_timers.c"
"..\include\LCD.h", line 46: warning #48-D: incompatible redefinition of macro "NULL" (declared at line 60 of "C:/ti/ccs1280/ccs/tools/compiler/ti-cgt-msp430_21.6.1.LTS/include/string.h")
Finished building: "../interrupts_timers.c"
 
Building target: "Project 5 a.out"
Invoking: MSP430 Linker
"C:/ti/ccs1280/ccs/tools/compiler/ti-cgt-msp430_21.6.1.LTS/bin/cl430" -vmspx --use_hw_mpy=F5 --advice:power=all --advice:hw_config=all --define=__MSP430FR2355__ --define=_FRWP_ENABLE --define=_INFO_FRWP_ENABLE -g --printf_support=minimal --diag_warning=225 --diag_wrap=off --display_error_number --silicon_errata=CPU21 --silicon_errata=CPU22 --silicon_errata=CPU40 -z -m"Project 5 a.map" --heap_size=160 --stack_size=160 --cinit_hold_wdt=on -i"C:/ti/ccs1280/ccs/ccs_base/msp430/include" -i"C:/ti/ccs1280/ccs/ccs_base/msp430/lib/FR2xx" -i"C:/ti/ccs1280/ccs/tools/compiler/ti-cgt-msp430_21.6.1.LTS/lib" -i"C:/ti/ccs1280/ccs/tools/compiler/ti-cgt-msp430_21.6.1.LTS/include" --priority --reread_libs --define=_FRWP_ENABLE --define=_INFO_FRWP_ENABLE --diag_wrap=off --display_error_number --warn_sections --xml_link_info="Project 5 a_linkInfo.xml" --use_hw_mpy=F5 --rom_model -o "Project 5 a.out" "./clocks.obj" "./display.obj" "./init.obj" "./interrupt_ports.obj" "./interrupts_timers.obj" "./led.obj" "./main.obj" "./ports.obj" "./switches.obj" "./system.obj" "./timers.obj" "./wheels.obj" "../Compiled/LCD.obj" "../lnk_msp430fr2355.cmd"  -lfrwp_init.a -llibc.a 
<Linking>
remark #10372-D: (ULP 4.1) Detected uninitialized Port A in this project. Recommend initializing all unused ports to eliminate wasted current consumption on unused pins.
remark #10372-D: (ULP 4.1) Detected uninitialized Port B in this project. Recommend initializing all unused ports to eliminate wasted current consumption on unused pins.
remark #10372-D: (ULP 4.1) Detected uninitialized Port C in this project. Recommend initializing all unused ports to eliminate wasted current consumption on unused pins.
remark #10422-D: (ULP 6.2) Detected use of a device with available 32-bit hardware multiplier and not also using MSPMATHLIB library (libmath.a).  Recommend using MSPMATHLIB library (libmath.a) for improved performance.
Finished building target: "Project 5 a.out"
 

**** Build Finished ****

**** Build of configuration Debug for project Project 5 a ****

"C:\\ti\\ccs1280\\ccs\\utils\\bin\\gmake" -k -j 16 all -O 
 
gmake[1]: 'Project 5 a.out' is up to date.

**** Build Finished ****

**** Build of configuration Debug for project Project 5 a ****

"C:\\ti\\ccs1280\\ccs\\utils\\bin\\gmake" -k -j 16 all -O 
 
Building file: "../wheels.c"
Invoking: MSP430 Compiler
"C:/ti/ccs1280/ccs/tools/compiler/ti-cgt-msp430_21.6.1.LTS/bin/cl430" -vmspx --use_hw_mpy=F5 --include_path="C:/ti/ccs1280/ccs/ccs_base/msp430/include" --include_path="C:/Users/chait/Code Composer/WORKSPACE/Homework 6/Homework 6 d" --include_path="C:/ti/ccs1280/ccs/tools/compiler/ti-cgt-msp430_21.6.1.LTS/include" --advice:power=all --advice:hw_config=all --define=__MSP430FR2355__ --define=_FRWP_ENABLE --define=_INFO_FRWP_ENABLE -g --printf_support=minimal --diag_warning=225 --diag_wrap=off --display_error_number --silicon_errata=CPU21 --silicon_errata=CPU22 --silicon_errata=CPU40 --preproc_with_compile --preproc_dependency="wheels.d_raw"  "../wheels.c"
"..\include\LCD.h", line 46: warning #48-D: incompatible redefinition of macro "NULL" (declared at line 60 of "C:/ti/ccs1280/ccs/tools/compiler/ti-cgt-msp430_21.6.1.LTS/include/string.h")
Finished building: "../wheels.c"
 
Building target: "Project 5 a.out"
Invoking: MSP430 Linker
"C:/ti/ccs1280/ccs/tools/compiler/ti-cgt-msp430_21.6.1.LTS/bin/cl430" -vmspx --use_hw_mpy=F5 --advice:power=all --advice:hw_config=all --define=__MSP430FR2355__ --define=_FRWP_ENABLE --define=_INFO_FRWP_ENABLE -g --printf_support=minimal --diag_warning=225 --diag_wrap=off --display_error_number --silicon_errata=CPU21 --silicon_errata=CPU22 --silicon_errata=CPU40 -z -m"Project 5 a.map" --heap_size=160 --stack_size=160 --cinit_hold_wdt=on -i"C:/ti/ccs1280/ccs/ccs_base/msp430/include" -i"C:/ti/ccs1280/ccs/ccs_base/msp430/lib/FR2xx" -i"C:/ti/ccs1280/ccs/tools/compiler/ti-cgt-msp430_21.6.1.LTS/lib" -i"C:/ti/ccs1280/ccs/tools/compiler/ti-cgt-msp430_21.6.1.LTS/include" --priority --reread_libs --define=_FRWP_ENABLE --define=_INFO_FRWP_ENABLE --diag_wrap=off --display_error_number --warn_sections --xml_link_info="Project 5 a_linkInfo.xml" --use_hw_mpy=F5 --rom_model -o "Project 5 a.out" "./clocks.obj" "./display.obj" "./init.obj" "./interrupt_ports.obj" "./interrupts_timers.obj" "./led.obj" "./main.obj" "./ports.obj" "./switches.obj" "./system.obj" "./timers.obj" "./wheels.obj" "../Compiled/LCD.obj" "../lnk_msp430fr2355.cmd"  -lfrwp_init.a -llibc.a 
<Linking>
remark #10372-D: (ULP 4.1) Detected uninitialized Port A in this project. Recommend initializing all unused ports to eliminate wasted current consumption on unused pins.
remark #10372-D: (ULP 4.1) Detected uninitialized Port B in this project. Recommend initializing all unused ports to eliminate wasted current consumption on unused pins.
remark #10372-D: (ULP 4.1) Detected uninitialized Port C in this project. Recommend initializing all unused ports to eliminate wasted current consumption on unused pins.
remark #10422-D: (ULP 6.2) Detected use of a device with available 32-bit hardware multiplier and not also using MSPMATHLIB library (libmath.a).  Recommend using MSPMATHLIB library (libmath.a) for improved performance.
Finished building target: "Project 5 a.out"
 

**** Build Finished ****

**** Build of configuration Debug for project Project 5 a ****

"C:\\ti\\ccs1280\\ccs\\utils\\bin\\gmake" -k -j 16 all -O 
 
Building file: "../init.c"
Invoking: MSP430 Compiler
"C:/ti/ccs1280/ccs/tools/compiler/ti-cgt-msp430_21.6.1.LTS/bin/cl430" -vmspx --use_hw_mpy=F5 --include_path="C:/ti/ccs1280/ccs/ccs_base/msp430/include" --include_path="C:/Users/chait/Code Composer/WORKSPACE/Homework 6/Homework 6 d" --include_path="C:/ti/ccs1280/ccs/tools/compiler/ti-cgt-msp430_21.6.1.LTS/include" --advice:power=all --advice:hw_config=all --define=__MSP430FR2355__ --define=_FRWP_ENABLE --define=_INFO_FRWP_ENABLE -g --printf_support=minimal --diag_warning=225 --diag_wrap=off --display_error_number --silicon_errata=CPU21 --silicon_errata=CPU22 --silicon_errata=CPU40 --preproc_with_compile --preproc_dependency="init.d_raw"  "../init.c"
"..\include\LCD.h", line 46: warning #48-D: incompatible redefinition of macro "NULL" (declared at line 60 of "C:/ti/ccs1280/ccs/tools/compiler/ti-cgt-msp430_21.6.1.LTS/include/string.h")
"../init.c", line 21: remark #1544-D: (ULP 13.1) Detected loop counting up. Recommend loops count down as detecting zeros is easier
"../init.c", line 22: remark #2553-D: (ULP 14.1) Array index (involving "i") of type "int". Recommend using "unsigned int"
"../init.c", line 23: remark #2553-D: (ULP 14.1) Array index (involving "i") of type "int". Recommend using "unsigned int"
"../init.c", line 24: remark #2553-D: (ULP 14.1) Array index (involving "i") of type "int". Recommend using "unsigned int"
"../init.c", line 25: remark #2553-D: (ULP 14.1) Array index (involving "i") of type "int". Recommend using "unsigned int"
Finished building: "../init.c"
 
Building file: "../clocks.c"
Invoking: MSP430 Compiler
"C:/ti/ccs1280/ccs/tools/compiler/ti-cgt-msp430_21.6.1.LTS/bin/cl430" -vmspx --use_hw_mpy=F5 --include_path="C:/ti/ccs1280/ccs/ccs_base/msp430/include" --include_path="C:/Users/chait/Code Composer/WORKSPACE/Homework 6/Homework 6 d" --include_path="C:/ti/ccs1280/ccs/tools/compiler/ti-cgt-msp430_21.6.1.LTS/include" --advice:power=all --advice:hw_config=all --define=__MSP430FR2355__ --define=_FRWP_ENABLE --define=_INFO_FRWP_ENABLE -g --printf_support=minimal --diag_warning=225 --diag_wrap=off --display_error_number --silicon_errata=CPU21 --silicon_errata=CPU22 --silicon_errata=CPU40 --preproc_with_compile --preproc_dependency="clocks.d_raw"  "../clocks.c"
"..\include\LCD.h", line 46: warning #48-D: incompatible redefinition of macro "NULL" (declared at line 60 of "C:/ti/ccs1280/ccs/tools/compiler/ti-cgt-msp430_21.6.1.LTS/include/string.h")
"../clocks.c", line 90: remark #1527-D: (ULP 2.1) Detected SW delay loop using __delay_cycles. Recommend using a timer module instead
"../clocks.c", line 91: remark #1527-D: (ULP 2.1) Detected SW delay loop using empty loop. Recommend using a timer module instead
"../clocks.c", line 124: remark #1527-D: (ULP 2.1) Detected SW delay loop using empty loop. Recommend using a timer module instead
Finished building: "../clocks.c"
 
Building file: "../display.c"
Invoking: MSP430 Compiler
"C:/ti/ccs1280/ccs/tools/compiler/ti-cgt-msp430_21.6.1.LTS/bin/cl430" -vmspx --use_hw_mpy=F5 --include_path="C:/ti/ccs1280/ccs/ccs_base/msp430/include" --include_path="C:/Users/chait/Code Composer/WORKSPACE/Homework 6/Homework 6 d" --include_path="C:/ti/ccs1280/ccs/tools/compiler/ti-cgt-msp430_21.6.1.LTS/include" --advice:power=all --advice:hw_config=all --define=__MSP430FR2355__ --define=_FRWP_ENABLE --define=_INFO_FRWP_ENABLE -g --printf_support=minimal --diag_warning=225 --diag_wrap=off --display_error_number --silicon_errata=CPU21 --silicon_errata=CPU22 --silicon_errata=CPU40 --preproc_with_compile --preproc_dependency="display.d_raw"  "../display.c"
"..\include\LCD.h", line 46: warning #48-D: incompatible redefinition of macro "NULL" (declared at line 60 of "C:/ti/ccs1280/ccs/tools/compiler/ti-cgt-msp430_21.6.1.LTS/include/string.h")
Finished building: "../display.c"
 
Building file: "../interrupt_ports.c"
Invoking: MSP430 Compiler
"C:/ti/ccs1280/ccs/tools/compiler/ti-cgt-msp430_21.6.1.LTS/bin/cl430" -vmspx --use_hw_mpy=F5 --include_path="C:/ti/ccs1280/ccs/ccs_base/msp430/include" --include_path="C:/Users/chait/Code Composer/WORKSPACE/Homework 6/Homework 6 d" --include_path="C:/ti/ccs1280/ccs/tools/compiler/ti-cgt-msp430_21.6.1.LTS/include" --advice:power=all --advice:hw_config=all --define=__MSP430FR2355__ --define=_FRWP_ENABLE --define=_INFO_FRWP_ENABLE -g --printf_support=minimal --diag_warning=225 --diag_wrap=off --display_error_number --silicon_errata=CPU21 --silicon_errata=CPU22 --silicon_errata=CPU40 --preproc_with_compile --preproc_dependency="interrupt_ports.d_raw"  "../interrupt_ports.c"
"..\include\LCD.h", line 46: warning #48-D: incompatible redefinition of macro "NULL" (declared at line 60 of "C:/ti/ccs1280/ccs/tools/compiler/ti-cgt-msp430_21.6.1.LTS/include/string.h")
Finished building: "../interrupt_ports.c"
 
Building file: "../led.c"
Invoking: MSP430 Compiler
"C:/ti/ccs1280/ccs/tools/compiler/ti-cgt-msp430_21.6.1.LTS/bin/cl430" -vmspx --use_hw_mpy=F5 --include_path="C:/ti/ccs1280/ccs/ccs_base/msp430/include" --include_path="C:/Users/chait/Code Composer/WORKSPACE/Homework 6/Homework 6 d" --include_path="C:/ti/ccs1280/ccs/tools/compiler/ti-cgt-msp430_21.6.1.LTS/include" --advice:power=all --advice:hw_config=all --define=__MSP430FR2355__ --define=_FRWP_ENABLE --define=_INFO_FRWP_ENABLE -g --printf_support=minimal --diag_warning=225 --diag_wrap=off --display_error_number --silicon_errata=CPU21 --silicon_errata=CPU22 --silicon_errata=CPU40 --preproc_with_compile --preproc_dependency="led.d_raw"  "../led.c"
"..\include\LCD.h", line 46: warning #48-D: incompatible redefinition of macro "NULL" (declared at line 60 of "C:/ti/ccs1280/ccs/tools/compiler/ti-cgt-msp430_21.6.1.LTS/include/string.h")
Finished building: "../led.c"
 
Building file: "../main.c"
Invoking: MSP430 Compiler
"C:/ti/ccs1280/ccs/tools/compiler/ti-cgt-msp430_21.6.1.LTS/bin/cl430" -vmspx --use_hw_mpy=F5 --include_path="C:/ti/ccs1280/ccs/ccs_base/msp430/include" --include_path="C:/Users/chait/Code Composer/WORKSPACE/Homework 6/Homework 6 d" --include_path="C:/ti/ccs1280/ccs/tools/compiler/ti-cgt-msp430_21.6.1.LTS/include" --advice:power=all --advice:hw_config=all --define=__MSP430FR2355__ --define=_FRWP_ENABLE --define=_INFO_FRWP_ENABLE -g --printf_support=minimal --diag_warning=225 --diag_wrap=off --display_error_number --silicon_errata=CPU21 --silicon_errata=CPU22 --silicon_errata=CPU40 --preproc_with_compile --preproc_dependency="main.d_raw"  "../main.c"
 
>> Compilation failure
subdir_rules.mk:9: recipe for target 'main.obj' failed
"..\include\LCD.h", line 46: warning #48-D: incompatible redefinition of macro "NULL" (declared at line 60 of "C:/ti/ccs1280/ccs/tools/compiler/ti-cgt-msp430_21.6.1.LTS/include/string.h")
"../main.c", line 96: warning #225-D: function "P6_LCheck" declared implicitly
"../main.c", line 97: warning #225-D: function "P6_RCheck" declared implicitly
"../main.c", line 155: warning #225-D: function "One_Sec_Forward" declared implicitly
"../main.c", line 282: warning #161-D: declaration is incompatible with previous "P6_LCheck" (declared at line 96)
"../main.c", line 289: error #249: function "P6_LCheck" has already been defined
"../main.c", line 42: remark #1535-D: (ULP 8.1) variable "wheel_move" is used as a constant. Recommend declaring variable as either 'static const' or 'const'
"../main.c", line 43: remark #1535-D: (ULP 8.1) variable "forward" is used as a constant. Recommend declaring variable as either 'static const' or 'const'
1 error detected in the compilation of "../main.c".
gmake: *** [main.obj] Error 1
Building file: "../interrupts_timers.c"
Invoking: MSP430 Compiler
"C:/ti/ccs1280/ccs/tools/compiler/ti-cgt-msp430_21.6.1.LTS/bin/cl430" -vmspx --use_hw_mpy=F5 --include_path="C:/ti/ccs1280/ccs/ccs_base/msp430/include" --include_path="C:/Users/chait/Code Composer/WORKSPACE/Homework 6/Homework 6 d" --include_path="C:/ti/ccs1280/ccs/tools/compiler/ti-cgt-msp430_21.6.1.LTS/include" --advice:power=all --advice:hw_config=all --define=__MSP430FR2355__ --define=_FRWP_ENABLE --define=_INFO_FRWP_ENABLE -g --printf_support=minimal --diag_warning=225 --diag_wrap=off --display_error_number --silicon_errata=CPU21 --silicon_errata=CPU22 --silicon_errata=CPU40 --preproc_with_compile --preproc_dependency="interrupts_timers.d_raw"  "../interrupts_timers.c"
"..\include\LCD.h", line 46: warning #48-D: incompatible redefinition of macro "NULL" (declared at line 60 of "C:/ti/ccs1280/ccs/tools/compiler/ti-cgt-msp430_21.6.1.LTS/include/string.h")
Finished building: "../interrupts_timers.c"
 
Building file: "../switches.c"
Invoking: MSP430 Compiler
"C:/ti/ccs1280/ccs/tools/compiler/ti-cgt-msp430_21.6.1.LTS/bin/cl430" -vmspx --use_hw_mpy=F5 --include_path="C:/ti/ccs1280/ccs/ccs_base/msp430/include" --include_path="C:/Users/chait/Code Composer/WORKSPACE/Homework 6/Homework 6 d" --include_path="C:/ti/ccs1280/ccs/tools/compiler/ti-cgt-msp430_21.6.1.LTS/include" --advice:power=all --advice:hw_config=all --define=__MSP430FR2355__ --define=_FRWP_ENABLE --define=_INFO_FRWP_ENABLE -g --printf_support=minimal --diag_warning=225 --diag_wrap=off --display_error_number --silicon_errata=CPU21 --silicon_errata=CPU22 --silicon_errata=CPU40 --preproc_with_compile --preproc_dependency="switches.d_raw"  "../switches.c"
"..\include\LCD.h", line 46: warning #48-D: incompatible redefinition of macro "NULL" (declared at line 60 of "C:/ti/ccs1280/ccs/tools/compiler/ti-cgt-msp430_21.6.1.LTS/include/string.h")
Finished building: "../switches.c"
 
Building file: "../ports.c"
Invoking: MSP430 Compiler
"C:/ti/ccs1280/ccs/tools/compiler/ti-cgt-msp430_21.6.1.LTS/bin/cl430" -vmspx --use_hw_mpy=F5 --include_path="C:/ti/ccs1280/ccs/ccs_base/msp430/include" --include_path="C:/Users/chait/Code Composer/WORKSPACE/Homework 6/Homework 6 d" --include_path="C:/ti/ccs1280/ccs/tools/compiler/ti-cgt-msp430_21.6.1.LTS/include" --advice:power=all --advice:hw_config=all --define=__MSP430FR2355__ --define=_FRWP_ENABLE --define=_INFO_FRWP_ENABLE -g --printf_support=minimal --diag_warning=225 --diag_wrap=off --display_error_number --silicon_errata=CPU21 --silicon_errata=CPU22 --silicon_errata=CPU40 --preproc_with_compile --preproc_dependency="ports.d_raw"  "../ports.c"
"..\include\LCD.h", line 46: warning #48-D: incompatible redefinition of macro "NULL" (declared at line 60 of "C:/ti/ccs1280/ccs/tools/compiler/ti-cgt-msp430_21.6.1.LTS/include/string.h")
Finished building: "../ports.c"
 
Building file: "../system.c"
Invoking: MSP430 Compiler
"C:/ti/ccs1280/ccs/tools/compiler/ti-cgt-msp430_21.6.1.LTS/bin/cl430" -vmspx --use_hw_mpy=F5 --include_path="C:/ti/ccs1280/ccs/ccs_base/msp430/include" --include_path="C:/Users/chait/Code Composer/WORKSPACE/Homework 6/Homework 6 d" --include_path="C:/ti/ccs1280/ccs/tools/compiler/ti-cgt-msp430_21.6.1.LTS/include" --advice:power=all --advice:hw_config=all --define=__MSP430FR2355__ --define=_FRWP_ENABLE --define=_INFO_FRWP_ENABLE -g --printf_support=minimal --diag_warning=225 --diag_wrap=off --display_error_number --silicon_errata=CPU21 --silicon_errata=CPU22 --silicon_errata=CPU40 --preproc_with_compile --preproc_dependency="system.d_raw"  "../system.c"
"..\include\LCD.h", line 46: warning #48-D: incompatible redefinition of macro "NULL" (declared at line 60 of "C:/ti/ccs1280/ccs/tools/compiler/ti-cgt-msp430_21.6.1.LTS/include/string.h")
Finished building: "../system.c"
 
Building file: "../timers.c"
Invoking: MSP430 Compiler
"C:/ti/ccs1280/ccs/tools/compiler/ti-cgt-msp430_21.6.1.LTS/bin/cl430" -vmspx --use_hw_mpy=F5 --include_path="C:/ti/ccs1280/ccs/ccs_base/msp430/include" --include_path="C:/Users/chait/Code Composer/WORKSPACE/Homework 6/Homework 6 d" --include_path="C:/ti/ccs1280/ccs/tools/compiler/ti-cgt-msp430_21.6.1.LTS/include" --advice:power=all --advice:hw_config=all --define=__MSP430FR2355__ --define=_FRWP_ENABLE --define=_INFO_FRWP_ENABLE -g --printf_support=minimal --diag_warning=225 --diag_wrap=off --display_error_number --silicon_errata=CPU21 --silicon_errata=CPU22 --silicon_errata=CPU40 --preproc_with_compile --preproc_dependency="timers.d_raw"  "../timers.c"
"..\include\LCD.h", line 46: warning #48-D: incompatible redefinition of macro "NULL" (declared at line 60 of "C:/ti/ccs1280/ccs/tools/compiler/ti-cgt-msp430_21.6.1.LTS/include/string.h")
"../timers.c", line 44: warning #70-D: integer conversion resulted in truncation
"../timers.c", line 49: warning #70-D: integer conversion resulted in truncation
Finished building: "../timers.c"
 
Building file: "../wheels.c"
Invoking: MSP430 Compiler
"C:/ti/ccs1280/ccs/tools/compiler/ti-cgt-msp430_21.6.1.LTS/bin/cl430" -vmspx --use_hw_mpy=F5 --include_path="C:/ti/ccs1280/ccs/ccs_base/msp430/include" --include_path="C:/Users/chait/Code Composer/WORKSPACE/Homework 6/Homework 6 d" --include_path="C:/ti/ccs1280/ccs/tools/compiler/ti-cgt-msp430_21.6.1.LTS/include" --advice:power=all --advice:hw_config=all --define=__MSP430FR2355__ --define=_FRWP_ENABLE --define=_INFO_FRWP_ENABLE -g --printf_support=minimal --diag_warning=225 --diag_wrap=off --display_error_number --silicon_errata=CPU21 --silicon_errata=CPU22 --silicon_errata=CPU40 --preproc_with_compile --preproc_dependency="wheels.d_raw"  "../wheels.c"
"..\include\LCD.h", line 46: warning #48-D: incompatible redefinition of macro "NULL" (declared at line 60 of "C:/ti/ccs1280/ccs/tools/compiler/ti-cgt-msp430_21.6.1.LTS/include/string.h")
"../wheels.c", line 41: warning #225-D: function "run_case_one_sec_forward" declared implicitly
"../wheels.c", line 45: warning #225-D: function "run_case_wait" declared implicitly
"../wheels.c", line 61: warning #188-D: pointless comparison of unsigned integer with zero
"../wheels.c", line 71: warning #161-D: declaration is incompatible with previous "run_case_wait" (declared at line 45)
"../wheels.c", line 91: warning #161-D: declaration is incompatible with previous "run_case_one_sec_forward" (declared at line 41)
Finished building: "../wheels.c"
 
gmake: Target 'all' not remade because of errors.

**** Build Finished ****

**** Build of configuration Debug for project Project 5 a ****

"C:\\ti\\ccs1280\\ccs\\utils\\bin\\gmake" -k -j 16 all -O 
 
Building file: "../main.c"
Invoking: MSP430 Compiler
"C:/ti/ccs1280/ccs/tools/compiler/ti-cgt-msp430_21.6.1.LTS/bin/cl430" -vmspx --use_hw_mpy=F5 --include_path="C:/ti/ccs1280/ccs/ccs_base/msp430/include" --include_path="C:/Users/chait/Code Composer/WORKSPACE/Homework 6/Homework 6 d" --include_path="C:/ti/ccs1280/ccs/tools/compiler/ti-cgt-msp430_21.6.1.LTS/include" --advice:power=all --advice:hw_config=all --define=__MSP430FR2355__ --define=_FRWP_ENABLE --define=_INFO_FRWP_ENABLE -g --printf_support=minimal --diag_warning=225 --diag_wrap=off --display_error_number --silicon_errata=CPU21 --silicon_errata=CPU22 --silicon_errata=CPU40 --preproc_with_compile --preproc_dependency="main.d_raw"  "../main.c"
"..\include\LCD.h", line 46: warning #48-D: incompatible redefinition of macro "NULL" (declared at line 60 of "C:/ti/ccs1280/ccs/tools/compiler/ti-cgt-msp430_21.6.1.LTS/include/string.h")
"../main.c", line 96: warning #225-D: function "P6_LCheck" declared implicitly
"../main.c", line 97: warning #225-D: function "P6_RCheck" declared implicitly
"../main.c", line 155: warning #225-D: function "One_Sec_Forward" declared implicitly
"../main.c", line 282: warning #161-D: declaration is incompatible with previous "P6_LCheck" (declared at line 96)
"../main.c", line 289: warning #161-D: declaration is incompatible with previous "P6_RCheck" (declared at line 97)
"../main.c", line 42: remark #1535-D: (ULP 8.1) variable "wheel_move" is used as a constant. Recommend declaring variable as either 'static const' or 'const'
"../main.c", line 43: remark #1535-D: (ULP 8.1) variable "forward" is used as a constant. Recommend declaring variable as either 'static const' or 'const'
Finished building: "../main.c"
 
Building target: "Project 5 a.out"
Invoking: MSP430 Linker
"C:/ti/ccs1280/ccs/tools/compiler/ti-cgt-msp430_21.6.1.LTS/bin/cl430" -vmspx --use_hw_mpy=F5 --advice:power=all --advice:hw_config=all --define=__MSP430FR2355__ --define=_FRWP_ENABLE --define=_INFO_FRWP_ENABLE -g --printf_support=minimal --diag_warning=225 --diag_wrap=off --display_error_number --silicon_errata=CPU21 --silicon_errata=CPU22 --silicon_errata=CPU40 -z -m"Project 5 a.map" --heap_size=160 --stack_size=160 --cinit_hold_wdt=on -i"C:/ti/ccs1280/ccs/ccs_base/msp430/include" -i"C:/ti/ccs1280/ccs/ccs_base/msp430/lib/FR2xx" -i"C:/ti/ccs1280/ccs/tools/compiler/ti-cgt-msp430_21.6.1.LTS/lib" -i"C:/ti/ccs1280/ccs/tools/compiler/ti-cgt-msp430_21.6.1.LTS/include" --priority --reread_libs --define=_FRWP_ENABLE --define=_INFO_FRWP_ENABLE --diag_wrap=off --display_error_number --warn_sections --xml_link_info="Project 5 a_linkInfo.xml" --use_hw_mpy=F5 --rom_model -o "Project 5 a.out" "./clocks.obj" "./display.obj" "./init.obj" "./interrupt_ports.obj" "./interrupts_timers.obj" "./led.obj" "./main.obj" "./ports.obj" "./switches.obj" "./system.obj" "./timers.obj" "./wheels.obj" "../Compiled/LCD.obj" "../lnk_msp430fr2355.cmd"  -lfrwp_init.a -llibc.a 
<Linking>
remark #10372-D: (ULP 4.1) Detected uninitialized Port A in this project. Recommend initializing all unused ports to eliminate wasted current consumption on unused pins.
remark #10372-D: (ULP 4.1) Detected uninitialized Port B in this project. Recommend initializing all unused ports to eliminate wasted current consumption on unused pins.
remark #10372-D: (ULP 4.1) Detected uninitialized Port C in this project. Recommend initializing all unused ports to eliminate wasted current consumption on unused pins.
remark #10422-D: (ULP 6.2) Detected use of a device with available 32-bit hardware multiplier and not also using MSPMATHLIB library (libmath.a).  Recommend using MSPMATHLIB library (libmath.a) for improved performance.
Finished building target: "Project 5 a.out"
 

**** Build Finished ****

**** Build of configuration Debug for project Project 5 a ****

"C:\\ti\\ccs1280\\ccs\\utils\\bin\\gmake" -k -j 16 all -O 
 
Building file: "../display.c"
Invoking: MSP430 Compiler
"C:/ti/ccs1280/ccs/tools/compiler/ti-cgt-msp430_21.6.1.LTS/bin/cl430" -vmspx --use_hw_mpy=F5 --include_path="C:/ti/ccs1280/ccs/ccs_base/msp430/include" --include_path="C:/Users/chait/Code Composer/WORKSPACE/Homework 6/Homework 6 d" --include_path="C:/ti/ccs1280/ccs/tools/compiler/ti-cgt-msp430_21.6.1.LTS/include" --advice:power=all --advice:hw_config=all --define=__MSP430FR2355__ --define=_FRWP_ENABLE --define=_INFO_FRWP_ENABLE -g --printf_support=minimal --diag_warning=225 --diag_wrap=off --display_error_number --silicon_errata=CPU21 --silicon_errata=CPU22 --silicon_errata=CPU40 --preproc_with_compile --preproc_dependency="display.d_raw"  "../display.c"
"..\include\LCD.h", line 46: warning #48-D: incompatible redefinition of macro "NULL" (declared at line 60 of "C:/ti/ccs1280/ccs/tools/compiler/ti-cgt-msp430_21.6.1.LTS/include/string.h")
Finished building: "../display.c"
 
Building file: "../clocks.c"
Invoking: MSP430 Compiler
"C:/ti/ccs1280/ccs/tools/compiler/ti-cgt-msp430_21.6.1.LTS/bin/cl430" -vmspx --use_hw_mpy=F5 --include_path="C:/ti/ccs1280/ccs/ccs_base/msp430/include" --include_path="C:/Users/chait/Code Composer/WORKSPACE/Homework 6/Homework 6 d" --include_path="C:/ti/ccs1280/ccs/tools/compiler/ti-cgt-msp430_21.6.1.LTS/include" --advice:power=all --advice:hw_config=all --define=__MSP430FR2355__ --define=_FRWP_ENABLE --define=_INFO_FRWP_ENABLE -g --printf_support=minimal --diag_warning=225 --diag_wrap=off --display_error_number --silicon_errata=CPU21 --silicon_errata=CPU22 --silicon_errata=CPU40 --preproc_with_compile --preproc_dependency="clocks.d_raw"  "../clocks.c"
"..\include\LCD.h", line 46: warning #48-D: incompatible redefinition of macro "NULL" (declared at line 60 of "C:/ti/ccs1280/ccs/tools/compiler/ti-cgt-msp430_21.6.1.LTS/include/string.h")
"../clocks.c", line 90: remark #1527-D: (ULP 2.1) Detected SW delay loop using __delay_cycles. Recommend using a timer module instead
"../clocks.c", line 91: remark #1527-D: (ULP 2.1) Detected SW delay loop using empty loop. Recommend using a timer module instead
"../clocks.c", line 124: remark #1527-D: (ULP 2.1) Detected SW delay loop using empty loop. Recommend using a timer module instead
Finished building: "../clocks.c"
 
Building file: "../init.c"
Invoking: MSP430 Compiler
"C:/ti/ccs1280/ccs/tools/compiler/ti-cgt-msp430_21.6.1.LTS/bin/cl430" -vmspx --use_hw_mpy=F5 --include_path="C:/ti/ccs1280/ccs/ccs_base/msp430/include" --include_path="C:/Users/chait/Code Composer/WORKSPACE/Homework 6/Homework 6 d" --include_path="C:/ti/ccs1280/ccs/tools/compiler/ti-cgt-msp430_21.6.1.LTS/include" --advice:power=all --advice:hw_config=all --define=__MSP430FR2355__ --define=_FRWP_ENABLE --define=_INFO_FRWP_ENABLE -g --printf_support=minimal --diag_warning=225 --diag_wrap=off --display_error_number --silicon_errata=CPU21 --silicon_errata=CPU22 --silicon_errata=CPU40 --preproc_with_compile --preproc_dependency="init.d_raw"  "../init.c"
"..\include\LCD.h", line 46: warning #48-D: incompatible redefinition of macro "NULL" (declared at line 60 of "C:/ti/ccs1280/ccs/tools/compiler/ti-cgt-msp430_21.6.1.LTS/include/string.h")
"../init.c", line 21: remark #1544-D: (ULP 13.1) Detected loop counting up. Recommend loops count down as detecting zeros is easier
"../init.c", line 22: remark #2553-D: (ULP 14.1) Array index (involving "i") of type "int". Recommend using "unsigned int"
"../init.c", line 23: remark #2553-D: (ULP 14.1) Array index (involving "i") of type "int". Recommend using "unsigned int"
"../init.c", line 24: remark #2553-D: (ULP 14.1) Array index (involving "i") of type "int". Recommend using "unsigned int"
"../init.c", line 25: remark #2553-D: (ULP 14.1) Array index (involving "i") of type "int". Recommend using "unsigned int"
Finished building: "../init.c"
 
Building file: "../interrupt_ports.c"
Invoking: MSP430 Compiler
"C:/ti/ccs1280/ccs/tools/compiler/ti-cgt-msp430_21.6.1.LTS/bin/cl430" -vmspx --use_hw_mpy=F5 --include_path="C:/ti/ccs1280/ccs/ccs_base/msp430/include" --include_path="C:/Users/chait/Code Composer/WORKSPACE/Homework 6/Homework 6 d" --include_path="C:/ti/ccs1280/ccs/tools/compiler/ti-cgt-msp430_21.6.1.LTS/include" --advice:power=all --advice:hw_config=all --define=__MSP430FR2355__ --define=_FRWP_ENABLE --define=_INFO_FRWP_ENABLE -g --printf_support=minimal --diag_warning=225 --diag_wrap=off --display_error_number --silicon_errata=CPU21 --silicon_errata=CPU22 --silicon_errata=CPU40 --preproc_with_compile --preproc_dependency="interrupt_ports.d_raw"  "../interrupt_ports.c"
"..\include\LCD.h", line 46: warning #48-D: incompatible redefinition of macro "NULL" (declared at line 60 of "C:/ti/ccs1280/ccs/tools/compiler/ti-cgt-msp430_21.6.1.LTS/include/string.h")
Finished building: "../interrupt_ports.c"
 
Building file: "../interrupts_timers.c"
Invoking: MSP430 Compiler
"C:/ti/ccs1280/ccs/tools/compiler/ti-cgt-msp430_21.6.1.LTS/bin/cl430" -vmspx --use_hw_mpy=F5 --include_path="C:/ti/ccs1280/ccs/ccs_base/msp430/include" --include_path="C:/Users/chait/Code Composer/WORKSPACE/Homework 6/Homework 6 d" --include_path="C:/ti/ccs1280/ccs/tools/compiler/ti-cgt-msp430_21.6.1.LTS/include" --advice:power=all --advice:hw_config=all --define=__MSP430FR2355__ --define=_FRWP_ENABLE --define=_INFO_FRWP_ENABLE -g --printf_support=minimal --diag_warning=225 --diag_wrap=off --display_error_number --silicon_errata=CPU21 --silicon_errata=CPU22 --silicon_errata=CPU40 --preproc_with_compile --preproc_dependency="interrupts_timers.d_raw"  "../interrupts_timers.c"
"..\include\LCD.h", line 46: warning #48-D: incompatible redefinition of macro "NULL" (declared at line 60 of "C:/ti/ccs1280/ccs/tools/compiler/ti-cgt-msp430_21.6.1.LTS/include/string.h")
Finished building: "../interrupts_timers.c"
 
Building file: "../led.c"
Invoking: MSP430 Compiler
"C:/ti/ccs1280/ccs/tools/compiler/ti-cgt-msp430_21.6.1.LTS/bin/cl430" -vmspx --use_hw_mpy=F5 --include_path="C:/ti/ccs1280/ccs/ccs_base/msp430/include" --include_path="C:/Users/chait/Code Composer/WORKSPACE/Homework 6/Homework 6 d" --include_path="C:/ti/ccs1280/ccs/tools/compiler/ti-cgt-msp430_21.6.1.LTS/include" --advice:power=all --advice:hw_config=all --define=__MSP430FR2355__ --define=_FRWP_ENABLE --define=_INFO_FRWP_ENABLE -g --printf_support=minimal --diag_warning=225 --diag_wrap=off --display_error_number --silicon_errata=CPU21 --silicon_errata=CPU22 --silicon_errata=CPU40 --preproc_with_compile --preproc_dependency="led.d_raw"  "../led.c"
"..\include\LCD.h", line 46: warning #48-D: incompatible redefinition of macro "NULL" (declared at line 60 of "C:/ti/ccs1280/ccs/tools/compiler/ti-cgt-msp430_21.6.1.LTS/include/string.h")
Finished building: "../led.c"
 
Building file: "../main.c"
Invoking: MSP430 Compiler
"C:/ti/ccs1280/ccs/tools/compiler/ti-cgt-msp430_21.6.1.LTS/bin/cl430" -vmspx --use_hw_mpy=F5 --include_path="C:/ti/ccs1280/ccs/ccs_base/msp430/include" --include_path="C:/Users/chait/Code Composer/WORKSPACE/Homework 6/Homework 6 d" --include_path="C:/ti/ccs1280/ccs/tools/compiler/ti-cgt-msp430_21.6.1.LTS/include" --advice:power=all --advice:hw_config=all --define=__MSP430FR2355__ --define=_FRWP_ENABLE --define=_INFO_FRWP_ENABLE -g --printf_support=minimal --diag_warning=225 --diag_wrap=off --display_error_number --silicon_errata=CPU21 --silicon_errata=CPU22 --silicon_errata=CPU40 --preproc_with_compile --preproc_dependency="main.d_raw"  "../main.c"
"..\include\LCD.h", line 46: warning #48-D: incompatible redefinition of macro "NULL" (declared at line 60 of "C:/ti/ccs1280/ccs/tools/compiler/ti-cgt-msp430_21.6.1.LTS/include/string.h")
"../main.c", line 42: remark #1535-D: (ULP 8.1) variable "wheel_move" is used as a constant. Recommend declaring variable as either 'static const' or 'const'
"../main.c", line 43: remark #1535-D: (ULP 8.1) variable "forward" is used as a constant. Recommend declaring variable as either 'static const' or 'const'
Finished building: "../main.c"
 
Building file: "../ports.c"
Invoking: MSP430 Compiler
"C:/ti/ccs1280/ccs/tools/compiler/ti-cgt-msp430_21.6.1.LTS/bin/cl430" -vmspx --use_hw_mpy=F5 --include_path="C:/ti/ccs1280/ccs/ccs_base/msp430/include" --include_path="C:/Users/chait/Code Composer/WORKSPACE/Homework 6/Homework 6 d" --include_path="C:/ti/ccs1280/ccs/tools/compiler/ti-cgt-msp430_21.6.1.LTS/include" --advice:power=all --advice:hw_config=all --define=__MSP430FR2355__ --define=_FRWP_ENABLE --define=_INFO_FRWP_ENABLE -g --printf_support=minimal --diag_warning=225 --diag_wrap=off --display_error_number --silicon_errata=CPU21 --silicon_errata=CPU22 --silicon_errata=CPU40 --preproc_with_compile --preproc_dependency="ports.d_raw"  "../ports.c"
"..\include\LCD.h", line 46: warning #48-D: incompatible redefinition of macro "NULL" (declared at line 60 of "C:/ti/ccs1280/ccs/tools/compiler/ti-cgt-msp430_21.6.1.LTS/include/string.h")
Finished building: "../ports.c"
 
Building file: "../switches.c"
Invoking: MSP430 Compiler
"C:/ti/ccs1280/ccs/tools/compiler/ti-cgt-msp430_21.6.1.LTS/bin/cl430" -vmspx --use_hw_mpy=F5 --include_path="C:/ti/ccs1280/ccs/ccs_base/msp430/include" --include_path="C:/Users/chait/Code Composer/WORKSPACE/Homework 6/Homework 6 d" --include_path="C:/ti/ccs1280/ccs/tools/compiler/ti-cgt-msp430_21.6.1.LTS/include" --advice:power=all --advice:hw_config=all --define=__MSP430FR2355__ --define=_FRWP_ENABLE --define=_INFO_FRWP_ENABLE -g --printf_support=minimal --diag_warning=225 --diag_wrap=off --display_error_number --silicon_errata=CPU21 --silicon_errata=CPU22 --silicon_errata=CPU40 --preproc_with_compile --preproc_dependency="switches.d_raw"  "../switches.c"
"..\include\LCD.h", line 46: warning #48-D: incompatible redefinition of macro "NULL" (declared at line 60 of "C:/ti/ccs1280/ccs/tools/compiler/ti-cgt-msp430_21.6.1.LTS/include/string.h")
Finished building: "../switches.c"
 
Building file: "../system.c"
Invoking: MSP430 Compiler
"C:/ti/ccs1280/ccs/tools/compiler/ti-cgt-msp430_21.6.1.LTS/bin/cl430" -vmspx --use_hw_mpy=F5 --include_path="C:/ti/ccs1280/ccs/ccs_base/msp430/include" --include_path="C:/Users/chait/Code Composer/WORKSPACE/Homework 6/Homework 6 d" --include_path="C:/ti/ccs1280/ccs/tools/compiler/ti-cgt-msp430_21.6.1.LTS/include" --advice:power=all --advice:hw_config=all --define=__MSP430FR2355__ --define=_FRWP_ENABLE --define=_INFO_FRWP_ENABLE -g --printf_support=minimal --diag_warning=225 --diag_wrap=off --display_error_number --silicon_errata=CPU21 --silicon_errata=CPU22 --silicon_errata=CPU40 --preproc_with_compile --preproc_dependency="system.d_raw"  "../system.c"
"..\include\LCD.h", line 46: warning #48-D: incompatible redefinition of macro "NULL" (declared at line 60 of "C:/ti/ccs1280/ccs/tools/compiler/ti-cgt-msp430_21.6.1.LTS/include/string.h")
Finished building: "../system.c"
 
Building file: "../timers.c"
Invoking: MSP430 Compiler
"C:/ti/ccs1280/ccs/tools/compiler/ti-cgt-msp430_21.6.1.LTS/bin/cl430" -vmspx --use_hw_mpy=F5 --include_path="C:/ti/ccs1280/ccs/ccs_base/msp430/include" --include_path="C:/Users/chait/Code Composer/WORKSPACE/Homework 6/Homework 6 d" --include_path="C:/ti/ccs1280/ccs/tools/compiler/ti-cgt-msp430_21.6.1.LTS/include" --advice:power=all --advice:hw_config=all --define=__MSP430FR2355__ --define=_FRWP_ENABLE --define=_INFO_FRWP_ENABLE -g --printf_support=minimal --diag_warning=225 --diag_wrap=off --display_error_number --silicon_errata=CPU21 --silicon_errata=CPU22 --silicon_errata=CPU40 --preproc_with_compile --preproc_dependency="timers.d_raw"  "../timers.c"
"..\include\LCD.h", line 46: warning #48-D: incompatible redefinition of macro "NULL" (declared at line 60 of "C:/ti/ccs1280/ccs/tools/compiler/ti-cgt-msp430_21.6.1.LTS/include/string.h")
"../timers.c", line 44: warning #70-D: integer conversion resulted in truncation
"../timers.c", line 49: warning #70-D: integer conversion resulted in truncation
Finished building: "../timers.c"
 
Building file: "../wheels.c"
Invoking: MSP430 Compiler
"C:/ti/ccs1280/ccs/tools/compiler/ti-cgt-msp430_21.6.1.LTS/bin/cl430" -vmspx --use_hw_mpy=F5 --include_path="C:/ti/ccs1280/ccs/ccs_base/msp430/include" --include_path="C:/Users/chait/Code Composer/WORKSPACE/Homework 6/Homework 6 d" --include_path="C:/ti/ccs1280/ccs/tools/compiler/ti-cgt-msp430_21.6.1.LTS/include" --advice:power=all --advice:hw_config=all --define=__MSP430FR2355__ --define=_FRWP_ENABLE --define=_INFO_FRWP_ENABLE -g --printf_support=minimal --diag_warning=225 --diag_wrap=off --display_error_number --silicon_errata=CPU21 --silicon_errata=CPU22 --silicon_errata=CPU40 --preproc_with_compile --preproc_dependency="wheels.d_raw"  "../wheels.c"
"..\include\LCD.h", line 46: warning #48-D: incompatible redefinition of macro "NULL" (declared at line 60 of "C:/ti/ccs1280/ccs/tools/compiler/ti-cgt-msp430_21.6.1.LTS/include/string.h")
"../wheels.c", line 61: warning #188-D: pointless comparison of unsigned integer with zero
Finished building: "../wheels.c"
 
Building target: "Project 5 a.out"
Invoking: MSP430 Linker
"C:/ti/ccs1280/ccs/tools/compiler/ti-cgt-msp430_21.6.1.LTS/bin/cl430" -vmspx --use_hw_mpy=F5 --advice:power=all --advice:hw_config=all --define=__MSP430FR2355__ --define=_FRWP_ENABLE --define=_INFO_FRWP_ENABLE -g --printf_support=minimal --diag_warning=225 --diag_wrap=off --display_error_number --silicon_errata=CPU21 --silicon_errata=CPU22 --silicon_errata=CPU40 -z -m"Project 5 a.map" --heap_size=160 --stack_size=160 --cinit_hold_wdt=on -i"C:/ti/ccs1280/ccs/ccs_base/msp430/include" -i"C:/ti/ccs1280/ccs/ccs_base/msp430/lib/FR2xx" -i"C:/ti/ccs1280/ccs/tools/compiler/ti-cgt-msp430_21.6.1.LTS/lib" -i"C:/ti/ccs1280/ccs/tools/compiler/ti-cgt-msp430_21.6.1.LTS/include" --priority --reread_libs --define=_FRWP_ENABLE --define=_INFO_FRWP_ENABLE --diag_wrap=off --display_error_number --warn_sections --xml_link_info="Project 5 a_linkInfo.xml" --use_hw_mpy=F5 --rom_model -o "Project 5 a.out" "./clocks.obj" "./display.obj" "./init.obj" "./interrupt_ports.obj" "./interrupts_timers.obj" "./led.obj" "./main.obj" "./ports.obj" "./switches.obj" "./system.obj" "./timers.obj" "./wheels.obj" "../Compiled/LCD.obj" "../lnk_msp430fr2355.cmd"  -lfrwp_init.a -llibc.a 
<Linking>
remark #10372-D: (ULP 4.1) Detected uninitialized Port A in this project. Recommend initializing all unused ports to eliminate wasted current consumption on unused pins.
remark #10372-D: (ULP 4.1) Detected uninitialized Port B in this project. Recommend initializing all unused ports to eliminate wasted current consumption on unused pins.
remark #10372-D: (ULP 4.1) Detected uninitialized Port C in this project. Recommend initializing all unused ports to eliminate wasted current consumption on unused pins.
remark #10422-D: (ULP 6.2) Detected use of a device with available 32-bit hardware multiplier and not also using MSPMATHLIB library (libmath.a).  Recommend using MSPMATHLIB library (libmath.a) for improved performance.
Finished building target: "Project 5 a.out"
 

**** Build Finished ****

**** Build of configuration Debug for project Project 5 a ****

"C:\\ti\\ccs1280\\ccs\\utils\\bin\\gmake" -k -j 16 all -O 
 
gmake[1]: 'Project 5 a.out' is up to date.

**** Build Finished ****

**** Build of configuration Debug for project Project 5 a ****

"C:\\ti\\ccs1280\\ccs\\utils\\bin\\gmake" -k -j 16 all -O 
 
Building file: "../display.c"
Invoking: MSP430 Compiler
"C:/ti/ccs1280/ccs/tools/compiler/ti-cgt-msp430_21.6.1.LTS/bin/cl430" -vmspx --use_hw_mpy=F5 --include_path="C:/ti/ccs1280/ccs/ccs_base/msp430/include" --include_path="C:/Users/chait/Code Composer/WORKSPACE/Homework 6/Homework 6 d" --include_path="C:/ti/ccs1280/ccs/tools/compiler/ti-cgt-msp430_21.6.1.LTS/include" --advice:power=all --advice:hw_config=all --define=__MSP430FR2355__ --define=_FRWP_ENABLE --define=_INFO_FRWP_ENABLE -g --printf_support=minimal --diag_warning=225 --diag_wrap=off --display_error_number --silicon_errata=CPU21 --silicon_errata=CPU22 --silicon_errata=CPU40 --preproc_with_compile --preproc_dependency="display.d_raw"  "../display.c"
"..\include\LCD.h", line 46: warning #48-D: incompatible redefinition of macro "NULL" (declared at line 60 of "C:/ti/ccs1280/ccs/tools/compiler/ti-cgt-msp430_21.6.1.LTS/include/string.h")
Finished building: "../display.c"
 
Building file: "../init.c"
Invoking: MSP430 Compiler
"C:/ti/ccs1280/ccs/tools/compiler/ti-cgt-msp430_21.6.1.LTS/bin/cl430" -vmspx --use_hw_mpy=F5 --include_path="C:/ti/ccs1280/ccs/ccs_base/msp430/include" --include_path="C:/Users/chait/Code Composer/WORKSPACE/Homework 6/Homework 6 d" --include_path="C:/ti/ccs1280/ccs/tools/compiler/ti-cgt-msp430_21.6.1.LTS/include" --advice:power=all --advice:hw_config=all --define=__MSP430FR2355__ --define=_FRWP_ENABLE --define=_INFO_FRWP_ENABLE -g --printf_support=minimal --diag_warning=225 --diag_wrap=off --display_error_number --silicon_errata=CPU21 --silicon_errata=CPU22 --silicon_errata=CPU40 --preproc_with_compile --preproc_dependency="init.d_raw"  "../init.c"
"..\include\LCD.h", line 46: warning #48-D: incompatible redefinition of macro "NULL" (declared at line 60 of "C:/ti/ccs1280/ccs/tools/compiler/ti-cgt-msp430_21.6.1.LTS/include/string.h")
"../init.c", line 21: remark #1544-D: (ULP 13.1) Detected loop counting up. Recommend loops count down as detecting zeros is easier
"../init.c", line 22: remark #2553-D: (ULP 14.1) Array index (involving "i") of type "int". Recommend using "unsigned int"
"../init.c", line 23: remark #2553-D: (ULP 14.1) Array index (involving "i") of type "int". Recommend using "unsigned int"
"../init.c", line 24: remark #2553-D: (ULP 14.1) Array index (involving "i") of type "int". Recommend using "unsigned int"
"../init.c", line 25: remark #2553-D: (ULP 14.1) Array index (involving "i") of type "int". Recommend using "unsigned int"
Finished building: "../init.c"
 
Building file: "../clocks.c"
Invoking: MSP430 Compiler
"C:/ti/ccs1280/ccs/tools/compiler/ti-cgt-msp430_21.6.1.LTS/bin/cl430" -vmspx --use_hw_mpy=F5 --include_path="C:/ti/ccs1280/ccs/ccs_base/msp430/include" --include_path="C:/Users/chait/Code Composer/WORKSPACE/Homework 6/Homework 6 d" --include_path="C:/ti/ccs1280/ccs/tools/compiler/ti-cgt-msp430_21.6.1.LTS/include" --advice:power=all --advice:hw_config=all --define=__MSP430FR2355__ --define=_FRWP_ENABLE --define=_INFO_FRWP_ENABLE -g --printf_support=minimal --diag_warning=225 --diag_wrap=off --display_error_number --silicon_errata=CPU21 --silicon_errata=CPU22 --silicon_errata=CPU40 --preproc_with_compile --preproc_dependency="clocks.d_raw"  "../clocks.c"
"..\include\LCD.h", line 46: warning #48-D: incompatible redefinition of macro "NULL" (declared at line 60 of "C:/ti/ccs1280/ccs/tools/compiler/ti-cgt-msp430_21.6.1.LTS/include/string.h")
"../clocks.c", line 90: remark #1527-D: (ULP 2.1) Detected SW delay loop using __delay_cycles. Recommend using a timer module instead
"../clocks.c", line 91: remark #1527-D: (ULP 2.1) Detected SW delay loop using empty loop. Recommend using a timer module instead
"../clocks.c", line 124: remark #1527-D: (ULP 2.1) Detected SW delay loop using empty loop. Recommend using a timer module instead
Finished building: "../clocks.c"
 
Building file: "../interrupt_ports.c"
Invoking: MSP430 Compiler
"C:/ti/ccs1280/ccs/tools/compiler/ti-cgt-msp430_21.6.1.LTS/bin/cl430" -vmspx --use_hw_mpy=F5 --include_path="C:/ti/ccs1280/ccs/ccs_base/msp430/include" --include_path="C:/Users/chait/Code Composer/WORKSPACE/Homework 6/Homework 6 d" --include_path="C:/ti/ccs1280/ccs/tools/compiler/ti-cgt-msp430_21.6.1.LTS/include" --advice:power=all --advice:hw_config=all --define=__MSP430FR2355__ --define=_FRWP_ENABLE --define=_INFO_FRWP_ENABLE -g --printf_support=minimal --diag_warning=225 --diag_wrap=off --display_error_number --silicon_errata=CPU21 --silicon_errata=CPU22 --silicon_errata=CPU40 --preproc_with_compile --preproc_dependency="interrupt_ports.d_raw"  "../interrupt_ports.c"
"..\include\LCD.h", line 46: warning #48-D: incompatible redefinition of macro "NULL" (declared at line 60 of "C:/ti/ccs1280/ccs/tools/compiler/ti-cgt-msp430_21.6.1.LTS/include/string.h")
Finished building: "../interrupt_ports.c"
 
Building file: "../led.c"
Invoking: MSP430 Compiler
"C:/ti/ccs1280/ccs/tools/compiler/ti-cgt-msp430_21.6.1.LTS/bin/cl430" -vmspx --use_hw_mpy=F5 --include_path="C:/ti/ccs1280/ccs/ccs_base/msp430/include" --include_path="C:/Users/chait/Code Composer/WORKSPACE/Homework 6/Homework 6 d" --include_path="C:/ti/ccs1280/ccs/tools/compiler/ti-cgt-msp430_21.6.1.LTS/include" --advice:power=all --advice:hw_config=all --define=__MSP430FR2355__ --define=_FRWP_ENABLE --define=_INFO_FRWP_ENABLE -g --printf_support=minimal --diag_warning=225 --diag_wrap=off --display_error_number --silicon_errata=CPU21 --silicon_errata=CPU22 --silicon_errata=CPU40 --preproc_with_compile --preproc_dependency="led.d_raw"  "../led.c"
"..\include\LCD.h", line 46: warning #48-D: incompatible redefinition of macro "NULL" (declared at line 60 of "C:/ti/ccs1280/ccs/tools/compiler/ti-cgt-msp430_21.6.1.LTS/include/string.h")
Finished building: "../led.c"
 
Building file: "../interrupts_timers.c"
Invoking: MSP430 Compiler
"C:/ti/ccs1280/ccs/tools/compiler/ti-cgt-msp430_21.6.1.LTS/bin/cl430" -vmspx --use_hw_mpy=F5 --include_path="C:/ti/ccs1280/ccs/ccs_base/msp430/include" --include_path="C:/Users/chait/Code Composer/WORKSPACE/Homework 6/Homework 6 d" --include_path="C:/ti/ccs1280/ccs/tools/compiler/ti-cgt-msp430_21.6.1.LTS/include" --advice:power=all --advice:hw_config=all --define=__MSP430FR2355__ --define=_FRWP_ENABLE --define=_INFO_FRWP_ENABLE -g --printf_support=minimal --diag_warning=225 --diag_wrap=off --display_error_number --silicon_errata=CPU21 --silicon_errata=CPU22 --silicon_errata=CPU40 --preproc_with_compile --preproc_dependency="interrupts_timers.d_raw"  "../interrupts_timers.c"
"..\include\LCD.h", line 46: warning #48-D: incompatible redefinition of macro "NULL" (declared at line 60 of "C:/ti/ccs1280/ccs/tools/compiler/ti-cgt-msp430_21.6.1.LTS/include/string.h")
Finished building: "../interrupts_timers.c"
 
Building file: "../main.c"
Invoking: MSP430 Compiler
"C:/ti/ccs1280/ccs/tools/compiler/ti-cgt-msp430_21.6.1.LTS/bin/cl430" -vmspx --use_hw_mpy=F5 --include_path="C:/ti/ccs1280/ccs/ccs_base/msp430/include" --include_path="C:/Users/chait/Code Composer/WORKSPACE/Homework 6/Homework 6 d" --include_path="C:/ti/ccs1280/ccs/tools/compiler/ti-cgt-msp430_21.6.1.LTS/include" --advice:power=all --advice:hw_config=all --define=__MSP430FR2355__ --define=_FRWP_ENABLE --define=_INFO_FRWP_ENABLE -g --printf_support=minimal --diag_warning=225 --diag_wrap=off --display_error_number --silicon_errata=CPU21 --silicon_errata=CPU22 --silicon_errata=CPU40 --preproc_with_compile --preproc_dependency="main.d_raw"  "../main.c"
"..\include\LCD.h", line 46: warning #48-D: incompatible redefinition of macro "NULL" (declared at line 60 of "C:/ti/ccs1280/ccs/tools/compiler/ti-cgt-msp430_21.6.1.LTS/include/string.h")
"../main.c", line 42: remark #1535-D: (ULP 8.1) variable "wheel_move" is used as a constant. Recommend declaring variable as either 'static const' or 'const'
"../main.c", line 43: remark #1535-D: (ULP 8.1) variable "forward" is used as a constant. Recommend declaring variable as either 'static const' or 'const'
Finished building: "../main.c"
 
Building file: "../switches.c"
Invoking: MSP430 Compiler
"C:/ti/ccs1280/ccs/tools/compiler/ti-cgt-msp430_21.6.1.LTS/bin/cl430" -vmspx --use_hw_mpy=F5 --include_path="C:/ti/ccs1280/ccs/ccs_base/msp430/include" --include_path="C:/Users/chait/Code Composer/WORKSPACE/Homework 6/Homework 6 d" --include_path="C:/ti/ccs1280/ccs/tools/compiler/ti-cgt-msp430_21.6.1.LTS/include" --advice:power=all --advice:hw_config=all --define=__MSP430FR2355__ --define=_FRWP_ENABLE --define=_INFO_FRWP_ENABLE -g --printf_support=minimal --diag_warning=225 --diag_wrap=off --display_error_number --silicon_errata=CPU21 --silicon_errata=CPU22 --silicon_errata=CPU40 --preproc_with_compile --preproc_dependency="switches.d_raw"  "../switches.c"
"..\include\LCD.h", line 46: warning #48-D: incompatible redefinition of macro "NULL" (declared at line 60 of "C:/ti/ccs1280/ccs/tools/compiler/ti-cgt-msp430_21.6.1.LTS/include/string.h")
Finished building: "../switches.c"
 
Building file: "../ports.c"
Invoking: MSP430 Compiler
"C:/ti/ccs1280/ccs/tools/compiler/ti-cgt-msp430_21.6.1.LTS/bin/cl430" -vmspx --use_hw_mpy=F5 --include_path="C:/ti/ccs1280/ccs/ccs_base/msp430/include" --include_path="C:/Users/chait/Code Composer/WORKSPACE/Homework 6/Homework 6 d" --include_path="C:/ti/ccs1280/ccs/tools/compiler/ti-cgt-msp430_21.6.1.LTS/include" --advice:power=all --advice:hw_config=all --define=__MSP430FR2355__ --define=_FRWP_ENABLE --define=_INFO_FRWP_ENABLE -g --printf_support=minimal --diag_warning=225 --diag_wrap=off --display_error_number --silicon_errata=CPU21 --silicon_errata=CPU22 --silicon_errata=CPU40 --preproc_with_compile --preproc_dependency="ports.d_raw"  "../ports.c"
"..\include\LCD.h", line 46: warning #48-D: incompatible redefinition of macro "NULL" (declared at line 60 of "C:/ti/ccs1280/ccs/tools/compiler/ti-cgt-msp430_21.6.1.LTS/include/string.h")
Finished building: "../ports.c"
 
Building file: "../system.c"
Invoking: MSP430 Compiler
"C:/ti/ccs1280/ccs/tools/compiler/ti-cgt-msp430_21.6.1.LTS/bin/cl430" -vmspx --use_hw_mpy=F5 --include_path="C:/ti/ccs1280/ccs/ccs_base/msp430/include" --include_path="C:/Users/chait/Code Composer/WORKSPACE/Homework 6/Homework 6 d" --include_path="C:/ti/ccs1280/ccs/tools/compiler/ti-cgt-msp430_21.6.1.LTS/include" --advice:power=all --advice:hw_config=all --define=__MSP430FR2355__ --define=_FRWP_ENABLE --define=_INFO_FRWP_ENABLE -g --printf_support=minimal --diag_warning=225 --diag_wrap=off --display_error_number --silicon_errata=CPU21 --silicon_errata=CPU22 --silicon_errata=CPU40 --preproc_with_compile --preproc_dependency="system.d_raw"  "../system.c"
"..\include\LCD.h", line 46: warning #48-D: incompatible redefinition of macro "NULL" (declared at line 60 of "C:/ti/ccs1280/ccs/tools/compiler/ti-cgt-msp430_21.6.1.LTS/include/string.h")
Finished building: "../system.c"
 
Building file: "../timers.c"
Invoking: MSP430 Compiler
"C:/ti/ccs1280/ccs/tools/compiler/ti-cgt-msp430_21.6.1.LTS/bin/cl430" -vmspx --use_hw_mpy=F5 --include_path="C:/ti/ccs1280/ccs/ccs_base/msp430/include" --include_path="C:/Users/chait/Code Composer/WORKSPACE/Homework 6/Homework 6 d" --include_path="C:/ti/ccs1280/ccs/tools/compiler/ti-cgt-msp430_21.6.1.LTS/include" --advice:power=all --advice:hw_config=all --define=__MSP430FR2355__ --define=_FRWP_ENABLE --define=_INFO_FRWP_ENABLE -g --printf_support=minimal --diag_warning=225 --diag_wrap=off --display_error_number --silicon_errata=CPU21 --silicon_errata=CPU22 --silicon_errata=CPU40 --preproc_with_compile --preproc_dependency="timers.d_raw"  "../timers.c"
"..\include\LCD.h", line 46: warning #48-D: incompatible redefinition of macro "NULL" (declared at line 60 of "C:/ti/ccs1280/ccs/tools/compiler/ti-cgt-msp430_21.6.1.LTS/include/string.h")
"../timers.c", line 44: warning #70-D: integer conversion resulted in truncation
"../timers.c", line 49: warning #70-D: integer conversion resulted in truncation
Finished building: "../timers.c"
 
Building file: "../wheels.c"
Invoking: MSP430 Compiler
"C:/ti/ccs1280/ccs/tools/compiler/ti-cgt-msp430_21.6.1.LTS/bin/cl430" -vmspx --use_hw_mpy=F5 --include_path="C:/ti/ccs1280/ccs/ccs_base/msp430/include" --include_path="C:/Users/chait/Code Composer/WORKSPACE/Homework 6/Homework 6 d" --include_path="C:/ti/ccs1280/ccs/tools/compiler/ti-cgt-msp430_21.6.1.LTS/include" --advice:power=all --advice:hw_config=all --define=__MSP430FR2355__ --define=_FRWP_ENABLE --define=_INFO_FRWP_ENABLE -g --printf_support=minimal --diag_warning=225 --diag_wrap=off --display_error_number --silicon_errata=CPU21 --silicon_errata=CPU22 --silicon_errata=CPU40 --preproc_with_compile --preproc_dependency="wheels.d_raw"  "../wheels.c"
"..\include\LCD.h", line 46: warning #48-D: incompatible redefinition of macro "NULL" (declared at line 60 of "C:/ti/ccs1280/ccs/tools/compiler/ti-cgt-msp430_21.6.1.LTS/include/string.h")
"../wheels.c", line 61: warning #188-D: pointless comparison of unsigned integer with zero
Finished building: "../wheels.c"
 
Building target: "Project 5 a.out"
Invoking: MSP430 Linker
"C:/ti/ccs1280/ccs/tools/compiler/ti-cgt-msp430_21.6.1.LTS/bin/cl430" -vmspx --use_hw_mpy=F5 --advice:power=all --advice:hw_config=all --define=__MSP430FR2355__ --define=_FRWP_ENABLE --define=_INFO_FRWP_ENABLE -g --printf_support=minimal --diag_warning=225 --diag_wrap=off --display_error_number --silicon_errata=CPU21 --silicon_errata=CPU22 --silicon_errata=CPU40 -z -m"Project 5 a.map" --heap_size=160 --stack_size=160 --cinit_hold_wdt=on -i"C:/ti/ccs1280/ccs/ccs_base/msp430/include" -i"C:/ti/ccs1280/ccs/ccs_base/msp430/lib/FR2xx" -i"C:/ti/ccs1280/ccs/tools/compiler/ti-cgt-msp430_21.6.1.LTS/lib" -i"C:/ti/ccs1280/ccs/tools/compiler/ti-cgt-msp430_21.6.1.LTS/include" --priority --reread_libs --define=_FRWP_ENABLE --define=_INFO_FRWP_ENABLE --diag_wrap=off --display_error_number --warn_sections --xml_link_info="Project 5 a_linkInfo.xml" --use_hw_mpy=F5 --rom_model -o "Project 5 a.out" "./clocks.obj" "./display.obj" "./init.obj" "./interrupt_ports.obj" "./interrupts_timers.obj" "./led.obj" "./main.obj" "./ports.obj" "./switches.obj" "./system.obj" "./timers.obj" "./wheels.obj" "../Compiled/LCD.obj" "../lnk_msp430fr2355.cmd"  -lfrwp_init.a -llibc.a 
<Linking>
remark #10372-D: (ULP 4.1) Detected uninitialized Port A in this project. Recommend initializing all unused ports to eliminate wasted current consumption on unused pins.
remark #10372-D: (ULP 4.1) Detected uninitialized Port B in this project. Recommend initializing all unused ports to eliminate wasted current consumption on unused pins.
remark #10372-D: (ULP 4.1) Detected uninitialized Port C in this project. Recommend initializing all unused ports to eliminate wasted current consumption on unused pins.
remark #10422-D: (ULP 6.2) Detected use of a device with available 32-bit hardware multiplier and not also using MSPMATHLIB library (libmath.a).  Recommend using MSPMATHLIB library (libmath.a) for improved performance.
Finished building target: "Project 5 a.out"
 

**** Build Finished ****

**** Build of configuration Debug for project Project 5 a ****

"C:\\ti\\ccs1280\\ccs\\utils\\bin\\gmake" -k -j 16 all -O 
 
Building file: "../display.c"
Invoking: MSP430 Compiler
"C:/ti/ccs1280/ccs/tools/compiler/ti-cgt-msp430_21.6.1.LTS/bin/cl430" -vmspx --use_hw_mpy=F5 --include_path="C:/ti/ccs1280/ccs/ccs_base/msp430/include" --include_path="C:/Users/chait/Code Composer/WORKSPACE/Homework 6/Homework 6 d" --include_path="C:/ti/ccs1280/ccs/tools/compiler/ti-cgt-msp430_21.6.1.LTS/include" --advice:power=all --advice:hw_config=all --define=__MSP430FR2355__ --define=_FRWP_ENABLE --define=_INFO_FRWP_ENABLE -g --printf_support=minimal --diag_warning=225 --diag_wrap=off --display_error_number --silicon_errata=CPU21 --silicon_errata=CPU22 --silicon_errata=CPU40 --preproc_with_compile --preproc_dependency="display.d_raw"  "../display.c"
"..\include\LCD.h", line 46: warning #48-D: incompatible redefinition of macro "NULL" (declared at line 60 of "C:/ti/ccs1280/ccs/tools/compiler/ti-cgt-msp430_21.6.1.LTS/include/string.h")
Finished building: "../display.c"
 
Building file: "../clocks.c"
Invoking: MSP430 Compiler
"C:/ti/ccs1280/ccs/tools/compiler/ti-cgt-msp430_21.6.1.LTS/bin/cl430" -vmspx --use_hw_mpy=F5 --include_path="C:/ti/ccs1280/ccs/ccs_base/msp430/include" --include_path="C:/Users/chait/Code Composer/WORKSPACE/Homework 6/Homework 6 d" --include_path="C:/ti/ccs1280/ccs/tools/compiler/ti-cgt-msp430_21.6.1.LTS/include" --advice:power=all --advice:hw_config=all --define=__MSP430FR2355__ --define=_FRWP_ENABLE --define=_INFO_FRWP_ENABLE -g --printf_support=minimal --diag_warning=225 --diag_wrap=off --display_error_number --silicon_errata=CPU21 --silicon_errata=CPU22 --silicon_errata=CPU40 --preproc_with_compile --preproc_dependency="clocks.d_raw"  "../clocks.c"
"..\include\LCD.h", line 46: warning #48-D: incompatible redefinition of macro "NULL" (declared at line 60 of "C:/ti/ccs1280/ccs/tools/compiler/ti-cgt-msp430_21.6.1.LTS/include/string.h")
"../clocks.c", line 90: remark #1527-D: (ULP 2.1) Detected SW delay loop using __delay_cycles. Recommend using a timer module instead
"../clocks.c", line 91: remark #1527-D: (ULP 2.1) Detected SW delay loop using empty loop. Recommend using a timer module instead
"../clocks.c", line 124: remark #1527-D: (ULP 2.1) Detected SW delay loop using empty loop. Recommend using a timer module instead
Finished building: "../clocks.c"
 
Building file: "../init.c"
Invoking: MSP430 Compiler
"C:/ti/ccs1280/ccs/tools/compiler/ti-cgt-msp430_21.6.1.LTS/bin/cl430" -vmspx --use_hw_mpy=F5 --include_path="C:/ti/ccs1280/ccs/ccs_base/msp430/include" --include_path="C:/Users/chait/Code Composer/WORKSPACE/Homework 6/Homework 6 d" --include_path="C:/ti/ccs1280/ccs/tools/compiler/ti-cgt-msp430_21.6.1.LTS/include" --advice:power=all --advice:hw_config=all --define=__MSP430FR2355__ --define=_FRWP_ENABLE --define=_INFO_FRWP_ENABLE -g --printf_support=minimal --diag_warning=225 --diag_wrap=off --display_error_number --silicon_errata=CPU21 --silicon_errata=CPU22 --silicon_errata=CPU40 --preproc_with_compile --preproc_dependency="init.d_raw"  "../init.c"
"..\include\LCD.h", line 46: warning #48-D: incompatible redefinition of macro "NULL" (declared at line 60 of "C:/ti/ccs1280/ccs/tools/compiler/ti-cgt-msp430_21.6.1.LTS/include/string.h")
"../init.c", line 21: remark #1544-D: (ULP 13.1) Detected loop counting up. Recommend loops count down as detecting zeros is easier
"../init.c", line 22: remark #2553-D: (ULP 14.1) Array index (involving "i") of type "int". Recommend using "unsigned int"
"../init.c", line 23: remark #2553-D: (ULP 14.1) Array index (involving "i") of type "int". Recommend using "unsigned int"
"../init.c", line 24: remark #2553-D: (ULP 14.1) Array index (involving "i") of type "int". Recommend using "unsigned int"
"../init.c", line 25: remark #2553-D: (ULP 14.1) Array index (involving "i") of type "int". Recommend using "unsigned int"
Finished building: "../init.c"
 
Building file: "../interrupt_ports.c"
Invoking: MSP430 Compiler
"C:/ti/ccs1280/ccs/tools/compiler/ti-cgt-msp430_21.6.1.LTS/bin/cl430" -vmspx --use_hw_mpy=F5 --include_path="C:/ti/ccs1280/ccs/ccs_base/msp430/include" --include_path="C:/Users/chait/Code Composer/WORKSPACE/Homework 6/Homework 6 d" --include_path="C:/ti/ccs1280/ccs/tools/compiler/ti-cgt-msp430_21.6.1.LTS/include" --advice:power=all --advice:hw_config=all --define=__MSP430FR2355__ --define=_FRWP_ENABLE --define=_INFO_FRWP_ENABLE -g --printf_support=minimal --diag_warning=225 --diag_wrap=off --display_error_number --silicon_errata=CPU21 --silicon_errata=CPU22 --silicon_errata=CPU40 --preproc_with_compile --preproc_dependency="interrupt_ports.d_raw"  "../interrupt_ports.c"
"..\include\LCD.h", line 46: warning #48-D: incompatible redefinition of macro "NULL" (declared at line 60 of "C:/ti/ccs1280/ccs/tools/compiler/ti-cgt-msp430_21.6.1.LTS/include/string.h")
Finished building: "../interrupt_ports.c"
 
Building file: "../interrupts_timers.c"
Invoking: MSP430 Compiler
"C:/ti/ccs1280/ccs/tools/compiler/ti-cgt-msp430_21.6.1.LTS/bin/cl430" -vmspx --use_hw_mpy=F5 --include_path="C:/ti/ccs1280/ccs/ccs_base/msp430/include" --include_path="C:/Users/chait/Code Composer/WORKSPACE/Homework 6/Homework 6 d" --include_path="C:/ti/ccs1280/ccs/tools/compiler/ti-cgt-msp430_21.6.1.LTS/include" --advice:power=all --advice:hw_config=all --define=__MSP430FR2355__ --define=_FRWP_ENABLE --define=_INFO_FRWP_ENABLE -g --printf_support=minimal --diag_warning=225 --diag_wrap=off --display_error_number --silicon_errata=CPU21 --silicon_errata=CPU22 --silicon_errata=CPU40 --preproc_with_compile --preproc_dependency="interrupts_timers.d_raw"  "../interrupts_timers.c"
"..\include\LCD.h", line 46: warning #48-D: incompatible redefinition of macro "NULL" (declared at line 60 of "C:/ti/ccs1280/ccs/tools/compiler/ti-cgt-msp430_21.6.1.LTS/include/string.h")
Finished building: "../interrupts_timers.c"
 
Building file: "../led.c"
Invoking: MSP430 Compiler
"C:/ti/ccs1280/ccs/tools/compiler/ti-cgt-msp430_21.6.1.LTS/bin/cl430" -vmspx --use_hw_mpy=F5 --include_path="C:/ti/ccs1280/ccs/ccs_base/msp430/include" --include_path="C:/Users/chait/Code Composer/WORKSPACE/Homework 6/Homework 6 d" --include_path="C:/ti/ccs1280/ccs/tools/compiler/ti-cgt-msp430_21.6.1.LTS/include" --advice:power=all --advice:hw_config=all --define=__MSP430FR2355__ --define=_FRWP_ENABLE --define=_INFO_FRWP_ENABLE -g --printf_support=minimal --diag_warning=225 --diag_wrap=off --display_error_number --silicon_errata=CPU21 --silicon_errata=CPU22 --silicon_errata=CPU40 --preproc_with_compile --preproc_dependency="led.d_raw"  "../led.c"
"..\include\LCD.h", line 46: warning #48-D: incompatible redefinition of macro "NULL" (declared at line 60 of "C:/ti/ccs1280/ccs/tools/compiler/ti-cgt-msp430_21.6.1.LTS/include/string.h")
Finished building: "../led.c"
 
Building file: "../main.c"
Invoking: MSP430 Compiler
"C:/ti/ccs1280/ccs/tools/compiler/ti-cgt-msp430_21.6.1.LTS/bin/cl430" -vmspx --use_hw_mpy=F5 --include_path="C:/ti/ccs1280/ccs/ccs_base/msp430/include" --include_path="C:/Users/chait/Code Composer/WORKSPACE/Homework 6/Homework 6 d" --include_path="C:/ti/ccs1280/ccs/tools/compiler/ti-cgt-msp430_21.6.1.LTS/include" --advice:power=all --advice:hw_config=all --define=__MSP430FR2355__ --define=_FRWP_ENABLE --define=_INFO_FRWP_ENABLE -g --printf_support=minimal --diag_warning=225 --diag_wrap=off --display_error_number --silicon_errata=CPU21 --silicon_errata=CPU22 --silicon_errata=CPU40 --preproc_with_compile --preproc_dependency="main.d_raw"  "../main.c"
"..\include\LCD.h", line 46: warning #48-D: incompatible redefinition of macro "NULL" (declared at line 60 of "C:/ti/ccs1280/ccs/tools/compiler/ti-cgt-msp430_21.6.1.LTS/include/string.h")
"../main.c", line 42: remark #1535-D: (ULP 8.1) variable "wheel_move" is used as a constant. Recommend declaring variable as either 'static const' or 'const'
"../main.c", line 43: remark #1535-D: (ULP 8.1) variable "forward" is used as a constant. Recommend declaring variable as either 'static const' or 'const'
Finished building: "../main.c"
 
Building file: "../system.c"
Invoking: MSP430 Compiler
"C:/ti/ccs1280/ccs/tools/compiler/ti-cgt-msp430_21.6.1.LTS/bin/cl430" -vmspx --use_hw_mpy=F5 --include_path="C:/ti/ccs1280/ccs/ccs_base/msp430/include" --include_path="C:/Users/chait/Code Composer/WORKSPACE/Homework 6/Homework 6 d" --include_path="C:/ti/ccs1280/ccs/tools/compiler/ti-cgt-msp430_21.6.1.LTS/include" --advice:power=all --advice:hw_config=all --define=__MSP430FR2355__ --define=_FRWP_ENABLE --define=_INFO_FRWP_ENABLE -g --printf_support=minimal --diag_warning=225 --diag_wrap=off --display_error_number --silicon_errata=CPU21 --silicon_errata=CPU22 --silicon_errata=CPU40 --preproc_with_compile --preproc_dependency="system.d_raw"  "../system.c"
"..\include\LCD.h", line 46: warning #48-D: incompatible redefinition of macro "NULL" (declared at line 60 of "C:/ti/ccs1280/ccs/tools/compiler/ti-cgt-msp430_21.6.1.LTS/include/string.h")
Finished building: "../system.c"
 
Building file: "../switches.c"
Invoking: MSP430 Compiler
"C:/ti/ccs1280/ccs/tools/compiler/ti-cgt-msp430_21.6.1.LTS/bin/cl430" -vmspx --use_hw_mpy=F5 --include_path="C:/ti/ccs1280/ccs/ccs_base/msp430/include" --include_path="C:/Users/chait/Code Composer/WORKSPACE/Homework 6/Homework 6 d" --include_path="C:/ti/ccs1280/ccs/tools/compiler/ti-cgt-msp430_21.6.1.LTS/include" --advice:power=all --advice:hw_config=all --define=__MSP430FR2355__ --define=_FRWP_ENABLE --define=_INFO_FRWP_ENABLE -g --printf_support=minimal --diag_warning=225 --diag_wrap=off --display_error_number --silicon_errata=CPU21 --silicon_errata=CPU22 --silicon_errata=CPU40 --preproc_with_compile --preproc_dependency="switches.d_raw"  "../switches.c"
"..\include\LCD.h", line 46: warning #48-D: incompatible redefinition of macro "NULL" (declared at line 60 of "C:/ti/ccs1280/ccs/tools/compiler/ti-cgt-msp430_21.6.1.LTS/include/string.h")
Finished building: "../switches.c"
 
Building file: "../ports.c"
Invoking: MSP430 Compiler
"C:/ti/ccs1280/ccs/tools/compiler/ti-cgt-msp430_21.6.1.LTS/bin/cl430" -vmspx --use_hw_mpy=F5 --include_path="C:/ti/ccs1280/ccs/ccs_base/msp430/include" --include_path="C:/Users/chait/Code Composer/WORKSPACE/Homework 6/Homework 6 d" --include_path="C:/ti/ccs1280/ccs/tools/compiler/ti-cgt-msp430_21.6.1.LTS/include" --advice:power=all --advice:hw_config=all --define=__MSP430FR2355__ --define=_FRWP_ENABLE --define=_INFO_FRWP_ENABLE -g --printf_support=minimal --diag_warning=225 --diag_wrap=off --display_error_number --silicon_errata=CPU21 --silicon_errata=CPU22 --silicon_errata=CPU40 --preproc_with_compile --preproc_dependency="ports.d_raw"  "../ports.c"
"..\include\LCD.h", line 46: warning #48-D: incompatible redefinition of macro "NULL" (declared at line 60 of "C:/ti/ccs1280/ccs/tools/compiler/ti-cgt-msp430_21.6.1.LTS/include/string.h")
Finished building: "../ports.c"
 
Building file: "../timers.c"
Invoking: MSP430 Compiler
"C:/ti/ccs1280/ccs/tools/compiler/ti-cgt-msp430_21.6.1.LTS/bin/cl430" -vmspx --use_hw_mpy=F5 --include_path="C:/ti/ccs1280/ccs/ccs_base/msp430/include" --include_path="C:/Users/chait/Code Composer/WORKSPACE/Homework 6/Homework 6 d" --include_path="C:/ti/ccs1280/ccs/tools/compiler/ti-cgt-msp430_21.6.1.LTS/include" --advice:power=all --advice:hw_config=all --define=__MSP430FR2355__ --define=_FRWP_ENABLE --define=_INFO_FRWP_ENABLE -g --printf_support=minimal --diag_warning=225 --diag_wrap=off --display_error_number --silicon_errata=CPU21 --silicon_errata=CPU22 --silicon_errata=CPU40 --preproc_with_compile --preproc_dependency="timers.d_raw"  "../timers.c"
"..\include\LCD.h", line 46: warning #48-D: incompatible redefinition of macro "NULL" (declared at line 60 of "C:/ti/ccs1280/ccs/tools/compiler/ti-cgt-msp430_21.6.1.LTS/include/string.h")
"../timers.c", line 44: warning #70-D: integer conversion resulted in truncation
"../timers.c", line 49: warning #70-D: integer conversion resulted in truncation
Finished building: "../timers.c"
 
Building file: "../wheels.c"
Invoking: MSP430 Compiler
"C:/ti/ccs1280/ccs/tools/compiler/ti-cgt-msp430_21.6.1.LTS/bin/cl430" -vmspx --use_hw_mpy=F5 --include_path="C:/ti/ccs1280/ccs/ccs_base/msp430/include" --include_path="C:/Users/chait/Code Composer/WORKSPACE/Homework 6/Homework 6 d" --include_path="C:/ti/ccs1280/ccs/tools/compiler/ti-cgt-msp430_21.6.1.LTS/include" --advice:power=all --advice:hw_config=all --define=__MSP430FR2355__ --define=_FRWP_ENABLE --define=_INFO_FRWP_ENABLE -g --printf_support=minimal --diag_warning=225 --diag_wrap=off --display_error_number --silicon_errata=CPU21 --silicon_errata=CPU22 --silicon_errata=CPU40 --preproc_with_compile --preproc_dependency="wheels.d_raw"  "../wheels.c"
Finished building: "../wheels.c"
 
Building target: "Project 5 a.out"
Invoking: MSP430 Linker
"C:/ti/ccs1280/ccs/tools/compiler/ti-cgt-msp430_21.6.1.LTS/bin/cl430" -vmspx --use_hw_mpy=F5 --advice:power=all --advice:hw_config=all --define=__MSP430FR2355__ --define=_FRWP_ENABLE --define=_INFO_FRWP_ENABLE -g --printf_support=minimal --diag_warning=225 --diag_wrap=off --display_error_number --silicon_errata=CPU21 --silicon_errata=CPU22 --silicon_errata=CPU40 -z -m"Project 5 a.map" --heap_size=160 --stack_size=160 --cinit_hold_wdt=on -i"C:/ti/ccs1280/ccs/ccs_base/msp430/include" -i"C:/ti/ccs1280/ccs/ccs_base/msp430/lib/FR2xx" -i"C:/ti/ccs1280/ccs/tools/compiler/ti-cgt-msp430_21.6.1.LTS/lib" -i"C:/ti/ccs1280/ccs/tools/compiler/ti-cgt-msp430_21.6.1.LTS/include" --priority --reread_libs --define=_FRWP_ENABLE --define=_INFO_FRWP_ENABLE --diag_wrap=off --display_error_number --warn_sections --xml_link_info="Project 5 a_linkInfo.xml" --use_hw_mpy=F5 --rom_model -o "Project 5 a.out" "./clocks.obj" "./display.obj" "./init.obj" "./interrupt_ports.obj" "./interrupts_timers.obj" "./led.obj" "./main.obj" "./ports.obj" "./switches.obj" "./system.obj" "./timers.obj" "./wheels.obj" "../Compiled/LCD.obj" "../lnk_msp430fr2355.cmd"  -lfrwp_init.a -llibc.a 
<Linking>
"..\include\LCD.h", line 46: warning #48-D: incompatible redefinition of macro "NULL" (declared at line 60 of "C:/ti/ccs1280/ccs/tools/compiler/ti-cgt-msp430_21.6.1.LTS/include/string.h")
"../wheels.c", line 65: warning #188-D: pointless comparison of unsigned integer with zero
"../wheels.c", line 169: warning #188-D: pointless comparison of unsigned integer with zero
remark #10372-D: (ULP 4.1) Detected uninitialized Port A in this project. Recommend initializing all unused ports to eliminate wasted current consumption on unused pins.
remark #10372-D: (ULP 4.1) Detected uninitialized Port B in this project. Recommend initializing all unused ports to eliminate wasted current consumption on unused pins.
remark #10372-D: (ULP 4.1) Detected uninitialized Port C in this project. Recommend initializing all unused ports to eliminate wasted current consumption on unused pins.
remark #10422-D: (ULP 6.2) Detected use of a device with available 32-bit hardware multiplier and not also using MSPMATHLIB library (libmath.a).  Recommend using MSPMATHLIB library (libmath.a) for improved performance.
Finished building target: "Project 5 a.out"
 

**** Build Finished ****

**** Build of configuration Debug for project Project 5 a ****

"C:\\ti\\ccs1280\\ccs\\utils\\bin\\gmake" -k -j 16 all -O 
 
gmake[1]: 'Project 5 a.out' is up to date.

**** Build Finished ****

**** Build of configuration Debug for project Project 5 a ****

"C:\\ti\\ccs1280\\ccs\\utils\\bin\\gmake" -k -j 16 all -O 
 
Building file: "../wheels.c"
Invoking: MSP430 Compiler
"C:/ti/ccs1280/ccs/tools/compiler/ti-cgt-msp430_21.6.1.LTS/bin/cl430" -vmspx --use_hw_mpy=F5 --include_path="C:/ti/ccs1280/ccs/ccs_base/msp430/include" --include_path="C:/Users/chait/Code Composer/WORKSPACE/Homework 6/Homework 6 d" --include_path="C:/ti/ccs1280/ccs/tools/compiler/ti-cgt-msp430_21.6.1.LTS/include" --advice:power=all --advice:hw_config=all --define=__MSP430FR2355__ --define=_FRWP_ENABLE --define=_INFO_FRWP_ENABLE -g --printf_support=minimal --diag_warning=225 --diag_wrap=off --display_error_number --silicon_errata=CPU21 --silicon_errata=CPU22 --silicon_errata=CPU40 --preproc_with_compile --preproc_dependency="wheels.d_raw"  "../wheels.c"
 
>> Compilation failure
subdir_rules.mk:9: recipe for target 'wheels.obj' failed
"..\include\LCD.h", line 46: warning #48-D: incompatible redefinition of macro "NULL" (declared at line 60 of "C:/ti/ccs1280/ccs/tools/compiler/ti-cgt-msp430_21.6.1.LTS/include/string.h")
"../wheels.c", line 84: warning #225-D: function "run_case_one_sec_clockwise" declared implicitly
"../wheels.c", line 114: warning #225-D: function "run_case_one_sec_counterclockwise" declared implicitly
"../wheels.c", line 154: warning #188-D: pointless comparison of unsigned integer with zero
"../wheels.c", line 181: warning #225-D: function "run_case_one_sec_counterclockwise" declared implicitly
"../wheels.c", line 185: warning #225-D: function "run_case_one_sec_counterclockwise" declared implicitly
"../wheels.c", line 186: warning #112-D: statement is unreachable
"../wheels.c", line 186: error #20: identifier "a" is undefined
"../wheels.c", line 187: error #66: expected a ";"
"../wheels.c", line 189: warning #225-D: function "run_case_one_sec_counterclockwise" declared implicitly
"../wheels.c", line 218: warning #188-D: pointless comparison of unsigned integer with zero
"../wheels.c", line 231: warning #161-D: declaration is incompatible with previous "run_case_one_sec_counterclockwise" (declared at line 114)
"../wheels.c", line 276: warning #225-D: function "run_case_one_sec_clockwise" declared implicitly
"../wheels.c", line 280: warning #225-D: function "run_case_one_sec_clockwise" declared implicitly
"../wheels.c", line 284: warning #225-D: function "run_case_one_sec_clockwise" declared implicitly
"../wheels.c", line 313: warning #188-D: pointless comparison of unsigned integer with zero
"../wheels.c", line 326: warning #161-D: declaration is incompatible with previous "run_case_one_sec_clockwise" (declared at line 84)
"../wheels.c", line 402: warning #188-D: pointless comparison of unsigned integer with zero
"../wheels.c", line 506: warning #188-D: pointless comparison of unsigned integer with zero
2 errors detected in the compilation of "../wheels.c".
gmake: *** [wheels.obj] Error 1
Building file: "../main.c"
Invoking: MSP430 Compiler
"C:/ti/ccs1280/ccs/tools/compiler/ti-cgt-msp430_21.6.1.LTS/bin/cl430" -vmspx --use_hw_mpy=F5 --include_path="C:/ti/ccs1280/ccs/ccs_base/msp430/include" --include_path="C:/Users/chait/Code Composer/WORKSPACE/Homework 6/Homework 6 d" --include_path="C:/ti/ccs1280/ccs/tools/compiler/ti-cgt-msp430_21.6.1.LTS/include" --advice:power=all --advice:hw_config=all --define=__MSP430FR2355__ --define=_FRWP_ENABLE --define=_INFO_FRWP_ENABLE -g --printf_support=minimal --diag_warning=225 --diag_wrap=off --display_error_number --silicon_errata=CPU21 --silicon_errata=CPU22 --silicon_errata=CPU40 --preproc_with_compile --preproc_dependency="main.d_raw"  "../main.c"
"..\include\LCD.h", line 46: warning #48-D: incompatible redefinition of macro "NULL" (declared at line 60 of "C:/ti/ccs1280/ccs/tools/compiler/ti-cgt-msp430_21.6.1.LTS/include/string.h")
"../main.c", line 162: warning #225-D: function "Project_5" declared implicitly
"../main.c", line 42: remark #1535-D: (ULP 8.1) variable "wheel_move" is used as a constant. Recommend declaring variable as either 'static const' or 'const'
"../main.c", line 43: remark #1535-D: (ULP 8.1) variable "forward" is used as a constant. Recommend declaring variable as either 'static const' or 'const'
Finished building: "../main.c"
 
gmake: Target 'all' not remade because of errors.

**** Build Finished ****

**** Build of configuration Debug for project Project 5 a ****

"C:\\ti\\ccs1280\\ccs\\utils\\bin\\gmake" -k -j 16 all -O 
 
Building file: "../wheels.c"
Invoking: MSP430 Compiler
"C:/ti/ccs1280/ccs/tools/compiler/ti-cgt-msp430_21.6.1.LTS/bin/cl430" -vmspx --use_hw_mpy=F5 --include_path="C:/ti/ccs1280/ccs/ccs_base/msp430/include" --include_path="C:/Users/chait/Code Composer/WORKSPACE/Homework 6/Homework 6 d" --include_path="C:/ti/ccs1280/ccs/tools/compiler/ti-cgt-msp430_21.6.1.LTS/include" --advice:power=all --advice:hw_config=all --define=__MSP430FR2355__ --define=_FRWP_ENABLE --define=_INFO_FRWP_ENABLE -g --printf_support=minimal --diag_warning=225 --diag_wrap=off --display_error_number --silicon_errata=CPU21 --silicon_errata=CPU22 --silicon_errata=CPU40 --preproc_with_compile --preproc_dependency="wheels.d_raw"  "../wheels.c"
"..\include\LCD.h", line 46: warning #48-D: incompatible redefinition of macro "NULL" (declared at line 60 of "C:/ti/ccs1280/ccs/tools/compiler/ti-cgt-msp430_21.6.1.LTS/include/string.h")
"../wheels.c", line 84: warning #225-D: function "run_case_one_sec_clockwise" declared implicitly
"../wheels.c", line 114: warning #225-D: function "run_case_one_sec_counterclockwise" declared implicitly
"../wheels.c", line 154: warning #188-D: pointless comparison of unsigned integer with zero
"../wheels.c", line 181: warning #225-D: function "run_case_one_sec_counterclockwise" declared implicitly
"../wheels.c", line 185: warning #225-D: function "run_case_one_sec_counterclockwise" declared implicitly
"../wheels.c", line 189: warning #225-D: function "run_case_one_sec_counterclockwise" declared implicitly
"../wheels.c", line 218: warning #188-D: pointless comparison of unsigned integer with zero
"../wheels.c", line 231: warning #161-D: declaration is incompatible with previous "run_case_one_sec_counterclockwise" (declared at line 114)
"../wheels.c", line 276: warning #225-D: function "run_case_one_sec_clockwise" declared implicitly
"../wheels.c", line 280: warning #225-D: function "run_case_one_sec_clockwise" declared implicitly
"../wheels.c", line 284: warning #225-D: function "run_case_one_sec_clockwise" declared implicitly
"../wheels.c", line 313: warning #188-D: pointless comparison of unsigned integer with zero
"../wheels.c", line 326: warning #161-D: declaration is incompatible with previous "run_case_one_sec_clockwise" (declared at line 84)
"../wheels.c", line 402: warning #188-D: pointless comparison of unsigned integer with zero
"../wheels.c", line 506: warning #188-D: pointless comparison of unsigned integer with zero
Finished building: "../wheels.c"
 
Building target: "Project 5 a.out"
Invoking: MSP430 Linker
"C:/ti/ccs1280/ccs/tools/compiler/ti-cgt-msp430_21.6.1.LTS/bin/cl430" -vmspx --use_hw_mpy=F5 --advice:power=all --advice:hw_config=all --define=__MSP430FR2355__ --define=_FRWP_ENABLE --define=_INFO_FRWP_ENABLE -g --printf_support=minimal --diag_warning=225 --diag_wrap=off --display_error_number --silicon_errata=CPU21 --silicon_errata=CPU22 --silicon_errata=CPU40 -z -m"Project 5 a.map" --heap_size=160 --stack_size=160 --cinit_hold_wdt=on -i"C:/ti/ccs1280/ccs/ccs_base/msp430/include" -i"C:/ti/ccs1280/ccs/ccs_base/msp430/lib/FR2xx" -i"C:/ti/ccs1280/ccs/tools/compiler/ti-cgt-msp430_21.6.1.LTS/lib" -i"C:/ti/ccs1280/ccs/tools/compiler/ti-cgt-msp430_21.6.1.LTS/include" --priority --reread_libs --define=_FRWP_ENABLE --define=_INFO_FRWP_ENABLE --diag_wrap=off --display_error_number --warn_sections --xml_link_info="Project 5 a_linkInfo.xml" --use_hw_mpy=F5 --rom_model -o "Project 5 a.out" "./clocks.obj" "./display.obj" "./init.obj" "./interrupt_ports.obj" "./interrupts_timers.obj" "./led.obj" "./main.obj" "./ports.obj" "./switches.obj" "./system.obj" "./timers.obj" "./wheels.obj" "../Compiled/LCD.obj" "../lnk_msp430fr2355.cmd"  -lfrwp_init.a -llibc.a 
<Linking>
remark #10372-D: (ULP 4.1) Detected uninitialized Port A in this project. Recommend initializing all unused ports to eliminate wasted current consumption on unused pins.
remark #10372-D: (ULP 4.1) Detected uninitialized Port B in this project. Recommend initializing all unused ports to eliminate wasted current consumption on unused pins.
remark #10372-D: (ULP 4.1) Detected uninitialized Port C in this project. Recommend initializing all unused ports to eliminate wasted current consumption on unused pins.
remark #10422-D: (ULP 6.2) Detected use of a device with available 32-bit hardware multiplier and not also using MSPMATHLIB library (libmath.a).  Recommend using MSPMATHLIB library (libmath.a) for improved performance.
Finished building target: "Project 5 a.out"
 

**** Build Finished ****

**** Build of configuration Debug for project Project 5 a ****

"C:\\ti\\ccs1280\\ccs\\utils\\bin\\gmake" -k -j 16 all -O 
 
Building file: "../clocks.c"
Invoking: MSP430 Compiler
"C:/ti/ccs1280/ccs/tools/compiler/ti-cgt-msp430_21.6.1.LTS/bin/cl430" -vmspx --use_hw_mpy=F5 --include_path="C:/ti/ccs1280/ccs/ccs_base/msp430/include" --include_path="C:/Users/chait/Code Composer/WORKSPACE/Homework 6/Homework 6 d" --include_path="C:/ti/ccs1280/ccs/tools/compiler/ti-cgt-msp430_21.6.1.LTS/include" --advice:power=all --advice:hw_config=all --define=__MSP430FR2355__ --define=_FRWP_ENABLE --define=_INFO_FRWP_ENABLE -g --printf_support=minimal --diag_warning=225 --diag_wrap=off --display_error_number --silicon_errata=CPU21 --silicon_errata=CPU22 --silicon_errata=CPU40 --preproc_with_compile --preproc_dependency="clocks.d_raw"  "../clocks.c"
"..\include\LCD.h", line 46: warning #48-D: incompatible redefinition of macro "NULL" (declared at line 60 of "C:/ti/ccs1280/ccs/tools/compiler/ti-cgt-msp430_21.6.1.LTS/include/string.h")
"../clocks.c", line 90: remark #1527-D: (ULP 2.1) Detected SW delay loop using __delay_cycles. Recommend using a timer module instead
"../clocks.c", line 91: remark #1527-D: (ULP 2.1) Detected SW delay loop using empty loop. Recommend using a timer module instead
"../clocks.c", line 124: remark #1527-D: (ULP 2.1) Detected SW delay loop using empty loop. Recommend using a timer module instead
Finished building: "../clocks.c"
 
Building file: "../display.c"
Invoking: MSP430 Compiler
"C:/ti/ccs1280/ccs/tools/compiler/ti-cgt-msp430_21.6.1.LTS/bin/cl430" -vmspx --use_hw_mpy=F5 --include_path="C:/ti/ccs1280/ccs/ccs_base/msp430/include" --include_path="C:/Users/chait/Code Composer/WORKSPACE/Homework 6/Homework 6 d" --include_path="C:/ti/ccs1280/ccs/tools/compiler/ti-cgt-msp430_21.6.1.LTS/include" --advice:power=all --advice:hw_config=all --define=__MSP430FR2355__ --define=_FRWP_ENABLE --define=_INFO_FRWP_ENABLE -g --printf_support=minimal --diag_warning=225 --diag_wrap=off --display_error_number --silicon_errata=CPU21 --silicon_errata=CPU22 --silicon_errata=CPU40 --preproc_with_compile --preproc_dependency="display.d_raw"  "../display.c"
"..\include\LCD.h", line 46: warning #48-D: incompatible redefinition of macro "NULL" (declared at line 60 of "C:/ti/ccs1280/ccs/tools/compiler/ti-cgt-msp430_21.6.1.LTS/include/string.h")
Finished building: "../display.c"
 
Building file: "../init.c"
Invoking: MSP430 Compiler
"C:/ti/ccs1280/ccs/tools/compiler/ti-cgt-msp430_21.6.1.LTS/bin/cl430" -vmspx --use_hw_mpy=F5 --include_path="C:/ti/ccs1280/ccs/ccs_base/msp430/include" --include_path="C:/Users/chait/Code Composer/WORKSPACE/Homework 6/Homework 6 d" --include_path="C:/ti/ccs1280/ccs/tools/compiler/ti-cgt-msp430_21.6.1.LTS/include" --advice:power=all --advice:hw_config=all --define=__MSP430FR2355__ --define=_FRWP_ENABLE --define=_INFO_FRWP_ENABLE -g --printf_support=minimal --diag_warning=225 --diag_wrap=off --display_error_number --silicon_errata=CPU21 --silicon_errata=CPU22 --silicon_errata=CPU40 --preproc_with_compile --preproc_dependency="init.d_raw"  "../init.c"
"..\include\LCD.h", line 46: warning #48-D: incompatible redefinition of macro "NULL" (declared at line 60 of "C:/ti/ccs1280/ccs/tools/compiler/ti-cgt-msp430_21.6.1.LTS/include/string.h")
"../init.c", line 21: remark #1544-D: (ULP 13.1) Detected loop counting up. Recommend loops count down as detecting zeros is easier
"../init.c", line 22: remark #2553-D: (ULP 14.1) Array index (involving "i") of type "int". Recommend using "unsigned int"
"../init.c", line 23: remark #2553-D: (ULP 14.1) Array index (involving "i") of type "int". Recommend using "unsigned int"
"../init.c", line 24: remark #2553-D: (ULP 14.1) Array index (involving "i") of type "int". Recommend using "unsigned int"
"../init.c", line 25: remark #2553-D: (ULP 14.1) Array index (involving "i") of type "int". Recommend using "unsigned int"
Finished building: "../init.c"
 
Building file: "../interrupt_ports.c"
Invoking: MSP430 Compiler
"C:/ti/ccs1280/ccs/tools/compiler/ti-cgt-msp430_21.6.1.LTS/bin/cl430" -vmspx --use_hw_mpy=F5 --include_path="C:/ti/ccs1280/ccs/ccs_base/msp430/include" --include_path="C:/Users/chait/Code Composer/WORKSPACE/Homework 6/Homework 6 d" --include_path="C:/ti/ccs1280/ccs/tools/compiler/ti-cgt-msp430_21.6.1.LTS/include" --advice:power=all --advice:hw_config=all --define=__MSP430FR2355__ --define=_FRWP_ENABLE --define=_INFO_FRWP_ENABLE -g --printf_support=minimal --diag_warning=225 --diag_wrap=off --display_error_number --silicon_errata=CPU21 --silicon_errata=CPU22 --silicon_errata=CPU40 --preproc_with_compile --preproc_dependency="interrupt_ports.d_raw"  "../interrupt_ports.c"
"..\include\LCD.h", line 46: warning #48-D: incompatible redefinition of macro "NULL" (declared at line 60 of "C:/ti/ccs1280/ccs/tools/compiler/ti-cgt-msp430_21.6.1.LTS/include/string.h")
Finished building: "../interrupt_ports.c"
 
Building file: "../interrupts_timers.c"
Invoking: MSP430 Compiler
"C:/ti/ccs1280/ccs/tools/compiler/ti-cgt-msp430_21.6.1.LTS/bin/cl430" -vmspx --use_hw_mpy=F5 --include_path="C:/ti/ccs1280/ccs/ccs_base/msp430/include" --include_path="C:/Users/chait/Code Composer/WORKSPACE/Homework 6/Homework 6 d" --include_path="C:/ti/ccs1280/ccs/tools/compiler/ti-cgt-msp430_21.6.1.LTS/include" --advice:power=all --advice:hw_config=all --define=__MSP430FR2355__ --define=_FRWP_ENABLE --define=_INFO_FRWP_ENABLE -g --printf_support=minimal --diag_warning=225 --diag_wrap=off --display_error_number --silicon_errata=CPU21 --silicon_errata=CPU22 --silicon_errata=CPU40 --preproc_with_compile --preproc_dependency="interrupts_timers.d_raw"  "../interrupts_timers.c"
"..\include\LCD.h", line 46: warning #48-D: incompatible redefinition of macro "NULL" (declared at line 60 of "C:/ti/ccs1280/ccs/tools/compiler/ti-cgt-msp430_21.6.1.LTS/include/string.h")
Finished building: "../interrupts_timers.c"
 
Building file: "../led.c"
Invoking: MSP430 Compiler
"C:/ti/ccs1280/ccs/tools/compiler/ti-cgt-msp430_21.6.1.LTS/bin/cl430" -vmspx --use_hw_mpy=F5 --include_path="C:/ti/ccs1280/ccs/ccs_base/msp430/include" --include_path="C:/Users/chait/Code Composer/WORKSPACE/Homework 6/Homework 6 d" --include_path="C:/ti/ccs1280/ccs/tools/compiler/ti-cgt-msp430_21.6.1.LTS/include" --advice:power=all --advice:hw_config=all --define=__MSP430FR2355__ --define=_FRWP_ENABLE --define=_INFO_FRWP_ENABLE -g --printf_support=minimal --diag_warning=225 --diag_wrap=off --display_error_number --silicon_errata=CPU21 --silicon_errata=CPU22 --silicon_errata=CPU40 --preproc_with_compile --preproc_dependency="led.d_raw"  "../led.c"
"..\include\LCD.h", line 46: warning #48-D: incompatible redefinition of macro "NULL" (declared at line 60 of "C:/ti/ccs1280/ccs/tools/compiler/ti-cgt-msp430_21.6.1.LTS/include/string.h")
Finished building: "../led.c"
 
Building file: "../main.c"
Invoking: MSP430 Compiler
"C:/ti/ccs1280/ccs/tools/compiler/ti-cgt-msp430_21.6.1.LTS/bin/cl430" -vmspx --use_hw_mpy=F5 --include_path="C:/ti/ccs1280/ccs/ccs_base/msp430/include" --include_path="C:/Users/chait/Code Composer/WORKSPACE/Homework 6/Homework 6 d" --include_path="C:/ti/ccs1280/ccs/tools/compiler/ti-cgt-msp430_21.6.1.LTS/include" --advice:power=all --advice:hw_config=all --define=__MSP430FR2355__ --define=_FRWP_ENABLE --define=_INFO_FRWP_ENABLE -g --printf_support=minimal --diag_warning=225 --diag_wrap=off --display_error_number --silicon_errata=CPU21 --silicon_errata=CPU22 --silicon_errata=CPU40 --preproc_with_compile --preproc_dependency="main.d_raw"  "../main.c"
"..\include\LCD.h", line 46: warning #48-D: incompatible redefinition of macro "NULL" (declared at line 60 of "C:/ti/ccs1280/ccs/tools/compiler/ti-cgt-msp430_21.6.1.LTS/include/string.h")
"../main.c", line 162: warning #225-D: function "Project_5" declared implicitly
"../main.c", line 42: remark #1535-D: (ULP 8.1) variable "wheel_move" is used as a constant. Recommend declaring variable as either 'static const' or 'const'
"../main.c", line 43: remark #1535-D: (ULP 8.1) variable "forward" is used as a constant. Recommend declaring variable as either 'static const' or 'const'
Finished building: "../main.c"
 
Building file: "../switches.c"
Invoking: MSP430 Compiler
"C:/ti/ccs1280/ccs/tools/compiler/ti-cgt-msp430_21.6.1.LTS/bin/cl430" -vmspx --use_hw_mpy=F5 --include_path="C:/ti/ccs1280/ccs/ccs_base/msp430/include" --include_path="C:/Users/chait/Code Composer/WORKSPACE/Homework 6/Homework 6 d" --include_path="C:/ti/ccs1280/ccs/tools/compiler/ti-cgt-msp430_21.6.1.LTS/include" --advice:power=all --advice:hw_config=all --define=__MSP430FR2355__ --define=_FRWP_ENABLE --define=_INFO_FRWP_ENABLE -g --printf_support=minimal --diag_warning=225 --diag_wrap=off --display_error_number --silicon_errata=CPU21 --silicon_errata=CPU22 --silicon_errata=CPU40 --preproc_with_compile --preproc_dependency="switches.d_raw"  "../switches.c"
"..\include\LCD.h", line 46: warning #48-D: incompatible redefinition of macro "NULL" (declared at line 60 of "C:/ti/ccs1280/ccs/tools/compiler/ti-cgt-msp430_21.6.1.LTS/include/string.h")
Finished building: "../switches.c"
 
Building file: "../ports.c"
Invoking: MSP430 Compiler
"C:/ti/ccs1280/ccs/tools/compiler/ti-cgt-msp430_21.6.1.LTS/bin/cl430" -vmspx --use_hw_mpy=F5 --include_path="C:/ti/ccs1280/ccs/ccs_base/msp430/include" --include_path="C:/Users/chait/Code Composer/WORKSPACE/Homework 6/Homework 6 d" --include_path="C:/ti/ccs1280/ccs/tools/compiler/ti-cgt-msp430_21.6.1.LTS/include" --advice:power=all --advice:hw_config=all --define=__MSP430FR2355__ --define=_FRWP_ENABLE --define=_INFO_FRWP_ENABLE -g --printf_support=minimal --diag_warning=225 --diag_wrap=off --display_error_number --silicon_errata=CPU21 --silicon_errata=CPU22 --silicon_errata=CPU40 --preproc_with_compile --preproc_dependency="ports.d_raw"  "../ports.c"
"..\include\LCD.h", line 46: warning #48-D: incompatible redefinition of macro "NULL" (declared at line 60 of "C:/ti/ccs1280/ccs/tools/compiler/ti-cgt-msp430_21.6.1.LTS/include/string.h")
Finished building: "../ports.c"
 
Building file: "../system.c"
Invoking: MSP430 Compiler
"C:/ti/ccs1280/ccs/tools/compiler/ti-cgt-msp430_21.6.1.LTS/bin/cl430" -vmspx --use_hw_mpy=F5 --include_path="C:/ti/ccs1280/ccs/ccs_base/msp430/include" --include_path="C:/Users/chait/Code Composer/WORKSPACE/Homework 6/Homework 6 d" --include_path="C:/ti/ccs1280/ccs/tools/compiler/ti-cgt-msp430_21.6.1.LTS/include" --advice:power=all --advice:hw_config=all --define=__MSP430FR2355__ --define=_FRWP_ENABLE --define=_INFO_FRWP_ENABLE -g --printf_support=minimal --diag_warning=225 --diag_wrap=off --display_error_number --silicon_errata=CPU21 --silicon_errata=CPU22 --silicon_errata=CPU40 --preproc_with_compile --preproc_dependency="system.d_raw"  "../system.c"
"..\include\LCD.h", line 46: warning #48-D: incompatible redefinition of macro "NULL" (declared at line 60 of "C:/ti/ccs1280/ccs/tools/compiler/ti-cgt-msp430_21.6.1.LTS/include/string.h")
Finished building: "../system.c"
 
Building file: "../timers.c"
Invoking: MSP430 Compiler
"C:/ti/ccs1280/ccs/tools/compiler/ti-cgt-msp430_21.6.1.LTS/bin/cl430" -vmspx --use_hw_mpy=F5 --include_path="C:/ti/ccs1280/ccs/ccs_base/msp430/include" --include_path="C:/Users/chait/Code Composer/WORKSPACE/Homework 6/Homework 6 d" --include_path="C:/ti/ccs1280/ccs/tools/compiler/ti-cgt-msp430_21.6.1.LTS/include" --advice:power=all --advice:hw_config=all --define=__MSP430FR2355__ --define=_FRWP_ENABLE --define=_INFO_FRWP_ENABLE -g --printf_support=minimal --diag_warning=225 --diag_wrap=off --display_error_number --silicon_errata=CPU21 --silicon_errata=CPU22 --silicon_errata=CPU40 --preproc_with_compile --preproc_dependency="timers.d_raw"  "../timers.c"
"..\include\LCD.h", line 46: warning #48-D: incompatible redefinition of macro "NULL" (declared at line 60 of "C:/ti/ccs1280/ccs/tools/compiler/ti-cgt-msp430_21.6.1.LTS/include/string.h")
"../timers.c", line 44: warning #70-D: integer conversion resulted in truncation
"../timers.c", line 49: warning #70-D: integer conversion resulted in truncation
Finished building: "../timers.c"
 
Building file: "../wheels.c"
Invoking: MSP430 Compiler
"C:/ti/ccs1280/ccs/tools/compiler/ti-cgt-msp430_21.6.1.LTS/bin/cl430" -vmspx --use_hw_mpy=F5 --include_path="C:/ti/ccs1280/ccs/ccs_base/msp430/include" --include_path="C:/Users/chait/Code Composer/WORKSPACE/Homework 6/Homework 6 d" --include_path="C:/ti/ccs1280/ccs/tools/compiler/ti-cgt-msp430_21.6.1.LTS/include" --advice:power=all --advice:hw_config=all --define=__MSP430FR2355__ --define=_FRWP_ENABLE --define=_INFO_FRWP_ENABLE -g --printf_support=minimal --diag_warning=225 --diag_wrap=off --display_error_number --silicon_errata=CPU21 --silicon_errata=CPU22 --silicon_errata=CPU40 --preproc_with_compile --preproc_dependency="wheels.d_raw"  "../wheels.c"
"..\include\LCD.h", line 46: warning #48-D: incompatible redefinition of macro "NULL" (declared at line 60 of "C:/ti/ccs1280/ccs/tools/compiler/ti-cgt-msp430_21.6.1.LTS/include/string.h")
"../wheels.c", line 84: warning #225-D: function "run_case_one_sec_clockwise" declared implicitly
"../wheels.c", line 114: warning #225-D: function "run_case_one_sec_counterclockwise" declared implicitly
"../wheels.c", line 154: warning #188-D: pointless comparison of unsigned integer with zero
"../wheels.c", line 181: warning #225-D: function "run_case_one_sec_counterclockwise" declared implicitly
"../wheels.c", line 185: warning #225-D: function "run_case_one_sec_counterclockwise" declared implicitly
"../wheels.c", line 189: warning #225-D: function "run_case_one_sec_counterclockwise" declared implicitly
"../wheels.c", line 218: warning #188-D: pointless comparison of unsigned integer with zero
"../wheels.c", line 231: warning #161-D: declaration is incompatible with previous "run_case_one_sec_counterclockwise" (declared at line 114)
"../wheels.c", line 276: warning #225-D: function "run_case_one_sec_clockwise" declared implicitly
"../wheels.c", line 280: warning #225-D: function "run_case_one_sec_clockwise" declared implicitly
"../wheels.c", line 284: warning #225-D: function "run_case_one_sec_clockwise" declared implicitly
"../wheels.c", line 313: warning #188-D: pointless comparison of unsigned integer with zero
"../wheels.c", line 326: warning #161-D: declaration is incompatible with previous "run_case_one_sec_clockwise" (declared at line 84)
"../wheels.c", line 402: warning #188-D: pointless comparison of unsigned integer with zero
"../wheels.c", line 506: warning #188-D: pointless comparison of unsigned integer with zero
Finished building: "../wheels.c"
 
Building target: "Project 5 a.out"
Invoking: MSP430 Linker
"C:/ti/ccs1280/ccs/tools/compiler/ti-cgt-msp430_21.6.1.LTS/bin/cl430" -vmspx --use_hw_mpy=F5 --advice:power=all --advice:hw_config=all --define=__MSP430FR2355__ --define=_FRWP_ENABLE --define=_INFO_FRWP_ENABLE -g --printf_support=minimal --diag_warning=225 --diag_wrap=off --display_error_number --silicon_errata=CPU21 --silicon_errata=CPU22 --silicon_errata=CPU40 -z -m"Project 5 a.map" --heap_size=160 --stack_size=160 --cinit_hold_wdt=on -i"C:/ti/ccs1280/ccs/ccs_base/msp430/include" -i"C:/ti/ccs1280/ccs/ccs_base/msp430/lib/FR2xx" -i"C:/ti/ccs1280/ccs/tools/compiler/ti-cgt-msp430_21.6.1.LTS/lib" -i"C:/ti/ccs1280/ccs/tools/compiler/ti-cgt-msp430_21.6.1.LTS/include" --priority --reread_libs --define=_FRWP_ENABLE --define=_INFO_FRWP_ENABLE --diag_wrap=off --display_error_number --warn_sections --xml_link_info="Project 5 a_linkInfo.xml" --use_hw_mpy=F5 --rom_model -o "Project 5 a.out" "./clocks.obj" "./display.obj" "./init.obj" "./interrupt_ports.obj" "./interrupts_timers.obj" "./led.obj" "./main.obj" "./ports.obj" "./switches.obj" "./system.obj" "./timers.obj" "./wheels.obj" "../Compiled/LCD.obj" "../lnk_msp430fr2355.cmd"  -lfrwp_init.a -llibc.a 
<Linking>
remark #10372-D: (ULP 4.1) Detected uninitialized Port A in this project. Recommend initializing all unused ports to eliminate wasted current consumption on unused pins.
remark #10372-D: (ULP 4.1) Detected uninitialized Port B in this project. Recommend initializing all unused ports to eliminate wasted current consumption on unused pins.
remark #10372-D: (ULP 4.1) Detected uninitialized Port C in this project. Recommend initializing all unused ports to eliminate wasted current consumption on unused pins.
remark #10422-D: (ULP 6.2) Detected use of a device with available 32-bit hardware multiplier and not also using MSPMATHLIB library (libmath.a).  Recommend using MSPMATHLIB library (libmath.a) for improved performance.
Finished building target: "Project 5 a.out"
 

**** Build Finished ****

**** Build of configuration Debug for project Project 5 a ****

"C:\\ti\\ccs1280\\ccs\\utils\\bin\\gmake" -k -j 16 all -O 
 
Building file: "../wheels.c"
Invoking: MSP430 Compiler
"C:/ti/ccs1280/ccs/tools/compiler/ti-cgt-msp430_21.6.1.LTS/bin/cl430" -vmspx --use_hw_mpy=F5 --include_path="C:/ti/ccs1280/ccs/ccs_base/msp430/include" --include_path="C:/Users/chait/Code Composer/WORKSPACE/Homework 6/Homework 6 d" --include_path="C:/ti/ccs1280/ccs/tools/compiler/ti-cgt-msp430_21.6.1.LTS/include" --advice:power=all --advice:hw_config=all --define=__MSP430FR2355__ --define=_FRWP_ENABLE --define=_INFO_FRWP_ENABLE -g --printf_support=minimal --diag_warning=225 --diag_wrap=off --display_error_number --silicon_errata=CPU21 --silicon_errata=CPU22 --silicon_errata=CPU40 --preproc_with_compile --preproc_dependency="wheels.d_raw"  "../wheels.c"
"..\include\LCD.h", line 46: warning #48-D: incompatible redefinition of macro "NULL" (declared at line 60 of "C:/ti/ccs1280/ccs/tools/compiler/ti-cgt-msp430_21.6.1.LTS/include/string.h")
"../wheels.c", line 84: warning #225-D: function "run_case_one_sec_clockwise" declared implicitly
"../wheels.c", line 114: warning #225-D: function "run_case_one_sec_counterclockwise" declared implicitly
"../wheels.c", line 154: warning #188-D: pointless comparison of unsigned integer with zero
"../wheels.c", line 181: warning #225-D: function "run_case_one_sec_counterclockwise" declared implicitly
"../wheels.c", line 185: warning #225-D: function "run_case_one_sec_counterclockwise" declared implicitly
"../wheels.c", line 189: warning #225-D: function "run_case_one_sec_counterclockwise" declared implicitly
"../wheels.c", line 218: warning #188-D: pointless comparison of unsigned integer with zero
"../wheels.c", line 231: warning #161-D: declaration is incompatible with previous "run_case_one_sec_counterclockwise" (declared at line 114)
"../wheels.c", line 276: warning #225-D: function "run_case_one_sec_clockwise" declared implicitly
"../wheels.c", line 280: warning #225-D: function "run_case_one_sec_clockwise" declared implicitly
"../wheels.c", line 284: warning #225-D: function "run_case_one_sec_clockwise" declared implicitly
"../wheels.c", line 313: warning #188-D: pointless comparison of unsigned integer with zero
"../wheels.c", line 326: warning #161-D: declaration is incompatible with previous "run_case_one_sec_clockwise" (declared at line 84)
"../wheels.c", line 402: warning #188-D: pointless comparison of unsigned integer with zero
"../wheels.c", line 506: warning #188-D: pointless comparison of unsigned integer with zero
Finished building: "../wheels.c"
 
Building target: "Project 5 a.out"
Invoking: MSP430 Linker
"C:/ti/ccs1280/ccs/tools/compiler/ti-cgt-msp430_21.6.1.LTS/bin/cl430" -vmspx --use_hw_mpy=F5 --advice:power=all --advice:hw_config=all --define=__MSP430FR2355__ --define=_FRWP_ENABLE --define=_INFO_FRWP_ENABLE -g --printf_support=minimal --diag_warning=225 --diag_wrap=off --display_error_number --silicon_errata=CPU21 --silicon_errata=CPU22 --silicon_errata=CPU40 -z -m"Project 5 a.map" --heap_size=160 --stack_size=160 --cinit_hold_wdt=on -i"C:/ti/ccs1280/ccs/ccs_base/msp430/include" -i"C:/ti/ccs1280/ccs/ccs_base/msp430/lib/FR2xx" -i"C:/ti/ccs1280/ccs/tools/compiler/ti-cgt-msp430_21.6.1.LTS/lib" -i"C:/ti/ccs1280/ccs/tools/compiler/ti-cgt-msp430_21.6.1.LTS/include" --priority --reread_libs --define=_FRWP_ENABLE --define=_INFO_FRWP_ENABLE --diag_wrap=off --display_error_number --warn_sections --xml_link_info="Project 5 a_linkInfo.xml" --use_hw_mpy=F5 --rom_model -o "Project 5 a.out" "./clocks.obj" "./display.obj" "./init.obj" "./interrupt_ports.obj" "./interrupts_timers.obj" "./led.obj" "./main.obj" "./ports.obj" "./switches.obj" "./system.obj" "./timers.obj" "./wheels.obj" "../Compiled/LCD.obj" "../lnk_msp430fr2355.cmd"  -lfrwp_init.a -llibc.a 
<Linking>
remark #10372-D: (ULP 4.1) Detected uninitialized Port A in this project. Recommend initializing all unused ports to eliminate wasted current consumption on unused pins.
remark #10372-D: (ULP 4.1) Detected uninitialized Port B in this project. Recommend initializing all unused ports to eliminate wasted current consumption on unused pins.
remark #10372-D: (ULP 4.1) Detected uninitialized Port C in this project. Recommend initializing all unused ports to eliminate wasted current consumption on unused pins.
remark #10422-D: (ULP 6.2) Detected use of a device with available 32-bit hardware multiplier and not also using MSPMATHLIB library (libmath.a).  Recommend using MSPMATHLIB library (libmath.a) for improved performance.
Finished building target: "Project 5 a.out"
 

**** Build Finished ****

**** Build of configuration Debug for project Project 5 a ****

"C:\\ti\\ccs1280\\ccs\\utils\\bin\\gmake" -k -j 16 all -O 
 
gmake[1]: 'Project 5 a.out' is up to date.

**** Build Finished ****

**** Clean-only build of configuration Debug for project Project 5_a ****

"C:\\ti\\ccs1280\\ccs\\utils\\bin\\gmake" -k -j 16 clean -O 
 
DEL /F  "Project 5 a.out" 
DEL /F "clocks.obj" "display.obj" "init.obj" "interrupt_ports.obj" "interrupts_timers.obj" "led.obj" "main.obj" "ports.obj" "switches.obj" "system.obj" "timers.obj" "wheels.obj" 
DEL /F "clocks.d" "display.d" "init.d" "interrupt_ports.d" "interrupts_timers.d" "led.d" "main.d" "ports.d" "switches.d" "system.d" "timers.d" "wheels.d" 
Finished clean
 

**** Build Finished ****

**** Build of configuration Debug for project Project 5_a ****

"C:\\ti\\ccs1280\\ccs\\utils\\bin\\gmake" -k -j 16 all -O 
 
Building file: "../clocks.c"
Invoking: MSP430 Compiler
"C:/ti/ccs1280/ccs/tools/compiler/ti-cgt-msp430_21.6.1.LTS/bin/cl430" -vmspx --use_hw_mpy=F5 --include_path="C:/ti/ccs1280/ccs/ccs_base/msp430/include" --include_path="C:/Users/chait/Code Composer/WORKSPACE/Homework 6/Homework 6 d" --include_path="C:/ti/ccs1280/ccs/tools/compiler/ti-cgt-msp430_21.6.1.LTS/include" --advice:power=all --advice:hw_config=all --define=__MSP430FR2355__ --define=_FRWP_ENABLE --define=_INFO_FRWP_ENABLE -g --printf_support=minimal --diag_warning=225 --diag_wrap=off --display_error_number --silicon_errata=CPU21 --silicon_errata=CPU22 --silicon_errata=CPU40 --preproc_with_compile --preproc_dependency="clocks.d_raw"  "../clocks.c"
"..\include\LCD.h", line 46: warning #48-D: incompatible redefinition of macro "NULL" (declared at line 60 of "C:/ti/ccs1280/ccs/tools/compiler/ti-cgt-msp430_21.6.1.LTS/include/string.h")
"../clocks.c", line 90: remark #1527-D: (ULP 2.1) Detected SW delay loop using __delay_cycles. Recommend using a timer module instead
"../clocks.c", line 91: remark #1527-D: (ULP 2.1) Detected SW delay loop using empty loop. Recommend using a timer module instead
"../clocks.c", line 124: remark #1527-D: (ULP 2.1) Detected SW delay loop using empty loop. Recommend using a timer module instead
Finished building: "../clocks.c"
 
Building file: "../display.c"
Invoking: MSP430 Compiler
"C:/ti/ccs1280/ccs/tools/compiler/ti-cgt-msp430_21.6.1.LTS/bin/cl430" -vmspx --use_hw_mpy=F5 --include_path="C:/ti/ccs1280/ccs/ccs_base/msp430/include" --include_path="C:/Users/chait/Code Composer/WORKSPACE/Homework 6/Homework 6 d" --include_path="C:/ti/ccs1280/ccs/tools/compiler/ti-cgt-msp430_21.6.1.LTS/include" --advice:power=all --advice:hw_config=all --define=__MSP430FR2355__ --define=_FRWP_ENABLE --define=_INFO_FRWP_ENABLE -g --printf_support=minimal --diag_warning=225 --diag_wrap=off --display_error_number --silicon_errata=CPU21 --silicon_errata=CPU22 --silicon_errata=CPU40 --preproc_with_compile --preproc_dependency="display.d_raw"  "../display.c"
"..\include\LCD.h", line 46: warning #48-D: incompatible redefinition of macro "NULL" (declared at line 60 of "C:/ti/ccs1280/ccs/tools/compiler/ti-cgt-msp430_21.6.1.LTS/include/string.h")
Finished building: "../display.c"
 
Building file: "../init.c"
Invoking: MSP430 Compiler
"C:/ti/ccs1280/ccs/tools/compiler/ti-cgt-msp430_21.6.1.LTS/bin/cl430" -vmspx --use_hw_mpy=F5 --include_path="C:/ti/ccs1280/ccs/ccs_base/msp430/include" --include_path="C:/Users/chait/Code Composer/WORKSPACE/Homework 6/Homework 6 d" --include_path="C:/ti/ccs1280/ccs/tools/compiler/ti-cgt-msp430_21.6.1.LTS/include" --advice:power=all --advice:hw_config=all --define=__MSP430FR2355__ --define=_FRWP_ENABLE --define=_INFO_FRWP_ENABLE -g --printf_support=minimal --diag_warning=225 --diag_wrap=off --display_error_number --silicon_errata=CPU21 --silicon_errata=CPU22 --silicon_errata=CPU40 --preproc_with_compile --preproc_dependency="init.d_raw"  "../init.c"
"..\include\LCD.h", line 46: warning #48-D: incompatible redefinition of macro "NULL" (declared at line 60 of "C:/ti/ccs1280/ccs/tools/compiler/ti-cgt-msp430_21.6.1.LTS/include/string.h")
"../init.c", line 21: remark #1544-D: (ULP 13.1) Detected loop counting up. Recommend loops count down as detecting zeros is easier
"../init.c", line 22: remark #2553-D: (ULP 14.1) Array index (involving "i") of type "int". Recommend using "unsigned int"
"../init.c", line 23: remark #2553-D: (ULP 14.1) Array index (involving "i") of type "int". Recommend using "unsigned int"
"../init.c", line 24: remark #2553-D: (ULP 14.1) Array index (involving "i") of type "int". Recommend using "unsigned int"
"../init.c", line 25: remark #2553-D: (ULP 14.1) Array index (involving "i") of type "int". Recommend using "unsigned int"
Finished building: "../init.c"
 
Building file: "../interrupt_ports.c"
Invoking: MSP430 Compiler
"C:/ti/ccs1280/ccs/tools/compiler/ti-cgt-msp430_21.6.1.LTS/bin/cl430" -vmspx --use_hw_mpy=F5 --include_path="C:/ti/ccs1280/ccs/ccs_base/msp430/include" --include_path="C:/Users/chait/Code Composer/WORKSPACE/Homework 6/Homework 6 d" --include_path="C:/ti/ccs1280/ccs/tools/compiler/ti-cgt-msp430_21.6.1.LTS/include" --advice:power=all --advice:hw_config=all --define=__MSP430FR2355__ --define=_FRWP_ENABLE --define=_INFO_FRWP_ENABLE -g --printf_support=minimal --diag_warning=225 --diag_wrap=off --display_error_number --silicon_errata=CPU21 --silicon_errata=CPU22 --silicon_errata=CPU40 --preproc_with_compile --preproc_dependency="interrupt_ports.d_raw"  "../interrupt_ports.c"
"..\include\LCD.h", line 46: warning #48-D: incompatible redefinition of macro "NULL" (declared at line 60 of "C:/ti/ccs1280/ccs/tools/compiler/ti-cgt-msp430_21.6.1.LTS/include/string.h")
Finished building: "../interrupt_ports.c"
 
Building file: "../interrupts_timers.c"
Invoking: MSP430 Compiler
"C:/ti/ccs1280/ccs/tools/compiler/ti-cgt-msp430_21.6.1.LTS/bin/cl430" -vmspx --use_hw_mpy=F5 --include_path="C:/ti/ccs1280/ccs/ccs_base/msp430/include" --include_path="C:/Users/chait/Code Composer/WORKSPACE/Homework 6/Homework 6 d" --include_path="C:/ti/ccs1280/ccs/tools/compiler/ti-cgt-msp430_21.6.1.LTS/include" --advice:power=all --advice:hw_config=all --define=__MSP430FR2355__ --define=_FRWP_ENABLE --define=_INFO_FRWP_ENABLE -g --printf_support=minimal --diag_warning=225 --diag_wrap=off --display_error_number --silicon_errata=CPU21 --silicon_errata=CPU22 --silicon_errata=CPU40 --preproc_with_compile --preproc_dependency="interrupts_timers.d_raw"  "../interrupts_timers.c"
"..\include\LCD.h", line 46: warning #48-D: incompatible redefinition of macro "NULL" (declared at line 60 of "C:/ti/ccs1280/ccs/tools/compiler/ti-cgt-msp430_21.6.1.LTS/include/string.h")
Finished building: "../interrupts_timers.c"
 
Building file: "../led.c"
Invoking: MSP430 Compiler
"C:/ti/ccs1280/ccs/tools/compiler/ti-cgt-msp430_21.6.1.LTS/bin/cl430" -vmspx --use_hw_mpy=F5 --include_path="C:/ti/ccs1280/ccs/ccs_base/msp430/include" --include_path="C:/Users/chait/Code Composer/WORKSPACE/Homework 6/Homework 6 d" --include_path="C:/ti/ccs1280/ccs/tools/compiler/ti-cgt-msp430_21.6.1.LTS/include" --advice:power=all --advice:hw_config=all --define=__MSP430FR2355__ --define=_FRWP_ENABLE --define=_INFO_FRWP_ENABLE -g --printf_support=minimal --diag_warning=225 --diag_wrap=off --display_error_number --silicon_errata=CPU21 --silicon_errata=CPU22 --silicon_errata=CPU40 --preproc_with_compile --preproc_dependency="led.d_raw"  "../led.c"
"..\include\LCD.h", line 46: warning #48-D: incompatible redefinition of macro "NULL" (declared at line 60 of "C:/ti/ccs1280/ccs/tools/compiler/ti-cgt-msp430_21.6.1.LTS/include/string.h")
Finished building: "../led.c"
 
Building file: "../main.c"
Invoking: MSP430 Compiler
"C:/ti/ccs1280/ccs/tools/compiler/ti-cgt-msp430_21.6.1.LTS/bin/cl430" -vmspx --use_hw_mpy=F5 --include_path="C:/ti/ccs1280/ccs/ccs_base/msp430/include" --include_path="C:/Users/chait/Code Composer/WORKSPACE/Homework 6/Homework 6 d" --include_path="C:/ti/ccs1280/ccs/tools/compiler/ti-cgt-msp430_21.6.1.LTS/include" --advice:power=all --advice:hw_config=all --define=__MSP430FR2355__ --define=_FRWP_ENABLE --define=_INFO_FRWP_ENABLE -g --printf_support=minimal --diag_warning=225 --diag_wrap=off --display_error_number --silicon_errata=CPU21 --silicon_errata=CPU22 --silicon_errata=CPU40 --preproc_with_compile --preproc_dependency="main.d_raw"  "../main.c"
"..\include\LCD.h", line 46: warning #48-D: incompatible redefinition of macro "NULL" (declared at line 60 of "C:/ti/ccs1280/ccs/tools/compiler/ti-cgt-msp430_21.6.1.LTS/include/string.h")
"../main.c", line 162: warning #225-D: function "Project_5" declared implicitly
"../main.c", line 42: remark #1535-D: (ULP 8.1) variable "wheel_move" is used as a constant. Recommend declaring variable as either 'static const' or 'const'
"../main.c", line 43: remark #1535-D: (ULP 8.1) variable "forward" is used as a constant. Recommend declaring variable as either 'static const' or 'const'
Finished building: "../main.c"
 
Building file: "../system.c"
Invoking: MSP430 Compiler
"C:/ti/ccs1280/ccs/tools/compiler/ti-cgt-msp430_21.6.1.LTS/bin/cl430" -vmspx --use_hw_mpy=F5 --include_path="C:/ti/ccs1280/ccs/ccs_base/msp430/include" --include_path="C:/Users/chait/Code Composer/WORKSPACE/Homework 6/Homework 6 d" --include_path="C:/ti/ccs1280/ccs/tools/compiler/ti-cgt-msp430_21.6.1.LTS/include" --advice:power=all --advice:hw_config=all --define=__MSP430FR2355__ --define=_FRWP_ENABLE --define=_INFO_FRWP_ENABLE -g --printf_support=minimal --diag_warning=225 --diag_wrap=off --display_error_number --silicon_errata=CPU21 --silicon_errata=CPU22 --silicon_errata=CPU40 --preproc_with_compile --preproc_dependency="system.d_raw"  "../system.c"
"..\include\LCD.h", line 46: warning #48-D: incompatible redefinition of macro "NULL" (declared at line 60 of "C:/ti/ccs1280/ccs/tools/compiler/ti-cgt-msp430_21.6.1.LTS/include/string.h")
Finished building: "../system.c"
 
Building file: "../switches.c"
Invoking: MSP430 Compiler
"C:/ti/ccs1280/ccs/tools/compiler/ti-cgt-msp430_21.6.1.LTS/bin/cl430" -vmspx --use_hw_mpy=F5 --include_path="C:/ti/ccs1280/ccs/ccs_base/msp430/include" --include_path="C:/Users/chait/Code Composer/WORKSPACE/Homework 6/Homework 6 d" --include_path="C:/ti/ccs1280/ccs/tools/compiler/ti-cgt-msp430_21.6.1.LTS/include" --advice:power=all --advice:hw_config=all --define=__MSP430FR2355__ --define=_FRWP_ENABLE --define=_INFO_FRWP_ENABLE -g --printf_support=minimal --diag_warning=225 --diag_wrap=off --display_error_number --silicon_errata=CPU21 --silicon_errata=CPU22 --silicon_errata=CPU40 --preproc_with_compile --preproc_dependency="switches.d_raw"  "../switches.c"
"..\include\LCD.h", line 46: warning #48-D: incompatible redefinition of macro "NULL" (declared at line 60 of "C:/ti/ccs1280/ccs/tools/compiler/ti-cgt-msp430_21.6.1.LTS/include/string.h")
Finished building: "../switches.c"
 
Building file: "../ports.c"
Invoking: MSP430 Compiler
"C:/ti/ccs1280/ccs/tools/compiler/ti-cgt-msp430_21.6.1.LTS/bin/cl430" -vmspx --use_hw_mpy=F5 --include_path="C:/ti/ccs1280/ccs/ccs_base/msp430/include" --include_path="C:/Users/chait/Code Composer/WORKSPACE/Homework 6/Homework 6 d" --include_path="C:/ti/ccs1280/ccs/tools/compiler/ti-cgt-msp430_21.6.1.LTS/include" --advice:power=all --advice:hw_config=all --define=__MSP430FR2355__ --define=_FRWP_ENABLE --define=_INFO_FRWP_ENABLE -g --printf_support=minimal --diag_warning=225 --diag_wrap=off --display_error_number --silicon_errata=CPU21 --silicon_errata=CPU22 --silicon_errata=CPU40 --preproc_with_compile --preproc_dependency="ports.d_raw"  "../ports.c"
"..\include\LCD.h", line 46: warning #48-D: incompatible redefinition of macro "NULL" (declared at line 60 of "C:/ti/ccs1280/ccs/tools/compiler/ti-cgt-msp430_21.6.1.LTS/include/string.h")
Finished building: "../ports.c"
 
Building file: "../timers.c"
Invoking: MSP430 Compiler
"C:/ti/ccs1280/ccs/tools/compiler/ti-cgt-msp430_21.6.1.LTS/bin/cl430" -vmspx --use_hw_mpy=F5 --include_path="C:/ti/ccs1280/ccs/ccs_base/msp430/include" --include_path="C:/Users/chait/Code Composer/WORKSPACE/Homework 6/Homework 6 d" --include_path="C:/ti/ccs1280/ccs/tools/compiler/ti-cgt-msp430_21.6.1.LTS/include" --advice:power=all --advice:hw_config=all --define=__MSP430FR2355__ --define=_FRWP_ENABLE --define=_INFO_FRWP_ENABLE -g --printf_support=minimal --diag_warning=225 --diag_wrap=off --display_error_number --silicon_errata=CPU21 --silicon_errata=CPU22 --silicon_errata=CPU40 --preproc_with_compile --preproc_dependency="timers.d_raw"  "../timers.c"
"..\include\LCD.h", line 46: warning #48-D: incompatible redefinition of macro "NULL" (declared at line 60 of "C:/ti/ccs1280/ccs/tools/compiler/ti-cgt-msp430_21.6.1.LTS/include/string.h")
"../timers.c", line 44: warning #70-D: integer conversion resulted in truncation
"../timers.c", line 49: warning #70-D: integer conversion resulted in truncation
Finished building: "../timers.c"
 
Building file: "../wheels.c"
Invoking: MSP430 Compiler
"C:/ti/ccs1280/ccs/tools/compiler/ti-cgt-msp430_21.6.1.LTS/bin/cl430" -vmspx --use_hw_mpy=F5 --include_path="C:/ti/ccs1280/ccs/ccs_base/msp430/include" --include_path="C:/Users/chait/Code Composer/WORKSPACE/Homework 6/Homework 6 d" --include_path="C:/ti/ccs1280/ccs/tools/compiler/ti-cgt-msp430_21.6.1.LTS/include" --advice:power=all --advice:hw_config=all --define=__MSP430FR2355__ --define=_FRWP_ENABLE --define=_INFO_FRWP_ENABLE -g --printf_support=minimal --diag_warning=225 --diag_wrap=off --display_error_number --silicon_errata=CPU21 --silicon_errata=CPU22 --silicon_errata=CPU40 --preproc_with_compile --preproc_dependency="wheels.d_raw"  "../wheels.c"
"..\include\LCD.h", line 46: warning #48-D: incompatible redefinition of macro "NULL" (declared at line 60 of "C:/ti/ccs1280/ccs/tools/compiler/ti-cgt-msp430_21.6.1.LTS/include/string.h")
"../wheels.c", line 84: warning #225-D: function "run_case_one_sec_clockwise" declared implicitly
"../wheels.c", line 114: warning #225-D: function "run_case_one_sec_counterclockwise" declared implicitly
"../wheels.c", line 154: warning #188-D: pointless comparison of unsigned integer with zero
"../wheels.c", line 181: warning #225-D: function "run_case_one_sec_counterclockwise" declared implicitly
"../wheels.c", line 185: warning #225-D: function "run_case_one_sec_counterclockwise" declared implicitly
"../wheels.c", line 189: warning #225-D: function "run_case_one_sec_counterclockwise" declared implicitly
"../wheels.c", line 218: warning #188-D: pointless comparison of unsigned integer with zero
"../wheels.c", line 231: warning #161-D: declaration is incompatible with previous "run_case_one_sec_counterclockwise" (declared at line 114)
"../wheels.c", line 276: warning #225-D: function "run_case_one_sec_clockwise" declared implicitly
"../wheels.c", line 280: warning #225-D: function "run_case_one_sec_clockwise" declared implicitly
"../wheels.c", line 284: warning #225-D: function "run_case_one_sec_clockwise" declared implicitly
"../wheels.c", line 313: warning #188-D: pointless comparison of unsigned integer with zero
"../wheels.c", line 326: warning #161-D: declaration is incompatible with previous "run_case_one_sec_clockwise" (declared at line 84)
"../wheels.c", line 402: warning #188-D: pointless comparison of unsigned integer with zero
"../wheels.c", line 506: warning #188-D: pointless comparison of unsigned integer with zero
Finished building: "../wheels.c"
 
Building target: "Project 5_a.out"
Invoking: MSP430 Linker
"C:/ti/ccs1280/ccs/tools/compiler/ti-cgt-msp430_21.6.1.LTS/bin/cl430" -vmspx --use_hw_mpy=F5 --advice:power=all --advice:hw_config=all --define=__MSP430FR2355__ --define=_FRWP_ENABLE --define=_INFO_FRWP_ENABLE -g --printf_support=minimal --diag_warning=225 --diag_wrap=off --display_error_number --silicon_errata=CPU21 --silicon_errata=CPU22 --silicon_errata=CPU40 -z -m"Project 5_a.map" --heap_size=160 --stack_size=160 --cinit_hold_wdt=on -i"C:/ti/ccs1280/ccs/ccs_base/msp430/include" -i"C:/ti/ccs1280/ccs/ccs_base/msp430/lib/FR2xx" -i"C:/ti/ccs1280/ccs/tools/compiler/ti-cgt-msp430_21.6.1.LTS/lib" -i"C:/ti/ccs1280/ccs/tools/compiler/ti-cgt-msp430_21.6.1.LTS/include" --priority --reread_libs --define=_FRWP_ENABLE --define=_INFO_FRWP_ENABLE --diag_wrap=off --display_error_number --warn_sections --xml_link_info="Project 5_a_linkInfo.xml" --use_hw_mpy=F5 --rom_model -o "Project 5_a.out" "./clocks.obj" "./display.obj" "./init.obj" "./interrupt_ports.obj" "./interrupts_timers.obj" "./led.obj" "./main.obj" "./ports.obj" "./switches.obj" "./system.obj" "./timers.obj" "./wheels.obj" "../Compiled/LCD.obj" "../lnk_msp430fr2355.cmd"  -lfrwp_init.a -llibc.a 
<Linking>
remark #10372-D: (ULP 4.1) Detected uninitialized Port A in this project. Recommend initializing all unused ports to eliminate wasted current consumption on unused pins.
remark #10372-D: (ULP 4.1) Detected uninitialized Port B in this project. Recommend initializing all unused ports to eliminate wasted current consumption on unused pins.
remark #10372-D: (ULP 4.1) Detected uninitialized Port C in this project. Recommend initializing all unused ports to eliminate wasted current consumption on unused pins.
remark #10422-D: (ULP 6.2) Detected use of a device with available 32-bit hardware multiplier and not also using MSPMATHLIB library (libmath.a).  Recommend using MSPMATHLIB library (libmath.a) for improved performance.
Finished building target: "Project 5_a.out"
 

**** Build Finished ****
